Time,Device name,Chip Time(),Acceleration X(g),Acceleration Y(g),Acceleration Z(g),Angular velocity X(°/s),Angular velocity Y(°/s),Angular velocity Z(°/s),Angle X(°),Angle Y(°),Angle Z(°),Magnetic field X(ʯt),Magnetic field Y(ʯt),Magnetic field Z(ʯt),Temperature(℃),Quaternions 0(),Quaternions 1(),Quaternions 2(),Quaternions 3()
 14:51:42.327,ed:40:fe:65:30:6c, 2015-01-01 03:03:24.615, 0.978, -0.031, 0.237, -0.061, 0.061, -0.305, -8.015, -76.284, -113.472, -28.047, -9.287, 10.447, 28.5, -0.39417, 0.54535, 0.29187, 0.67966,
 14:51:42.327,ed:40:fe:65:30:6c, 2015-01-01 03:03:24.615, 0.976, -0.032, 0.233, -0.305, 0.122, -0.427, -7.982, -76.284, -113.494, -28.047, -9.287, 10.447, 28.5, -0.39417, 0.54535, 0.29187, 0.67966,
 14:51:42.329,f6:90:cc:01:6d:25, 2015-01-01 03:03:19.610, 0.83, -0.012, -0.536, 0, 0.183, 0, -178.385, -57.228, -12.437, -27.127, -13.500, 13.107, 31.54, 0.03931, 0.8732, -0.08829, 0.47757,
 14:51:42.329,f6:90:cc:01:6d:25, 2015-01-01 03:03:19.610, 0.83, -0.014, -0.536, 0, 0.183, 0, -178.385, -57.228, -12.437, -27.127, -13.500, 13.107, 31.54, 0.03931, 0.8732, -0.08829, 0.47757,
 14:51:42.351,e3:ca:2d:fd:e0:8c, 2015-01-01 03:03:19.660, 0.855, -0.154, -0.526, 0.061, 0.061, 0, -163.542, -57.283, -48.362, -27.280, -8.227, 6.473, 29.14, -0.08008, -0.82022, 0.29376, -0.48419,
 14:51:42.351,e3:ca:2d:fd:e0:8c, 2015-01-01 03:03:19.660, 0.855, -0.156, -0.528, 0.061, 0, 0.061, -163.537, -57.283, -48.345, -27.280, -8.227, 6.473, 29.14, -0.08008, -0.82022, 0.29376, -0.48419,
 14:51:42.354,ed:35:33:d3:6c:f8, 2015-01-01 03:03:19.650, 0.941, -0.028, 0.317, 0.061, 0.183, -0.671, -5.268, -71.285, 160.203, -23.993, -10.600, -13.360, 31.94, 0.16483, 0.56528, -0.13885, 0.79617,
 14:51:42.354,ed:35:33:d3:6c:f8, 2015-01-01 03:03:19.650, 0.942, -0.029, 0.312, -0.793, 0.061, -0.671, -5.246, -71.285, 160.153, -23.993, -10.600, -13.360, 31.94, 0.16483, 0.56528, -0.13885, 0.79617,
 14:51:42.354,ed:35:33:d3:6c:f8, 2015-01-01 03:03:19.650, 0.941, -0.026, 0.319, -1.16, -0.061, -0.671, -5.229, -71.29, 160.087, -23.993, -10.600, -13.360, 31.94, 0.16483, 0.56528, -0.13885, 0.79617,
 14:51:42.354,ed:35:33:d3:6c:f8, 2015-01-01 03:03:19.650, 0.939, -0.026, 0.32, -0.977, 0, -0.427, -5.219, -71.29, 160.016, -23.993, -10.600, -13.360, 31.94, 0.16483, 0.56528, -0.13885, 0.79617,
 14:51:42.354,f6:90:cc:01:6d:25, 2015-01-01 03:03:19.610, 0.83, -0.014, -0.534, 0, 0.183, 0, -178.391, -57.233, -12.437, -27.127, -13.500, 13.107, 31.54, 0.03961, 0.87329, -0.08841, 0.47736,
 14:51:42.354,f6:90:cc:01:6d:25, 2015-01-01 03:03:19.610, 0.83, -0.013, -0.534, 0.305, 0.244, 0, -178.391, -57.233, -12.437, -27.127, -13.500, 13.107, 31.54, 0.03961, 0.87329, -0.08841, 0.47736,
 14:51:42.372,ed:40:fe:65:30:6c, 2015-01-01 03:03:24.615, 0.976, -0.03, 0.238, -0.427, 0.061, -0.488, -7.949, -76.284, -113.522, -28.047, -9.287, 10.447, 28.5, -0.39417, 0.54535, 0.29187, 0.67966,
 14:51:42.372,ed:40:fe:65:30:6c, 2015-01-01 03:03:24.615, 0.974, -0.03, 0.241, -0.427, -0.061, -0.305, -7.921, -76.289, -113.533, -28.047, -9.287, 10.447, 28.5, -0.39417, 0.54535, 0.29187, 0.67966,
 14:51:42.375,e3:ca:2d:fd:e0:8c, 2015-01-01 03:03:19.660, 0.855, -0.157, -0.527, 0.061, 0, 0, -163.537, -57.283, -48.334, -27.280, -8.227, 6.473, 29.14, -0.08008, -0.82022, 0.29376, -0.48419,
 14:51:42.375,e3:ca:2d:fd:e0:8c, 2015-01-01 03:03:19.660, 0.855, -0.156, -0.526, 0.122, 0.061, 0.061, -163.537, -57.283, -48.323, -27.280, -8.227, 6.473, 29.14, -0.08008, -0.82022, 0.29376, -0.48419,
 14:51:42.396,ed:40:fe:65:30:6c, 2015-01-01 03:03:24.975, 0.97, -0.03, 0.24, -0.427, -0.549, -0.061, -7.91, -76.295, -113.527, -28.047, -9.287, 10.447, 28.5, -0.39417, 0.54535, 0.29187, 0.67966,
 14:51:42.396,ed:40:fe:65:30:6c, 2015-01-01 03:03:24.975, 0.973, -0.029, 0.24, -0.366, -0.366, 0, -7.916, -76.3, -113.516, -28.047, -9.287, 10.447, 28.5, -0.39417, 0.54535, 0.29187, 0.67966,
 14:51:42.398,f6:90:cc:01:6d:25, 2015-01-01 03:03:19.610, 0.83, -0.014, -0.533, 0.305, 0.183, 0, -178.385, -57.239, -12.437, -27.127, -13.500, 13.107, 31.54, 0.03961, 0.87329, -0.08841, 0.47736,
 14:51:42.398,f6:90:cc:01:6d:25, 2015-01-01 03:03:19.610, 0.83, -0.014, -0.532, 0, 0.061, 0, -178.385, -57.239, -12.437, -27.127, -13.500, 13.107, 31.54, 0.03961, 0.87329, -0.08841, 0.47736,
 14:51:42.399,ed:35:33:d3:6c:f8, 2015-01-01 03:03:19.650, 0.936, -0.025, 0.318, -0.793, 0.061, -0.305, -5.213, -71.29, 159.966, -23.993, -10.600, -13.360, 31.94, 0.16663, 0.56696, -0.13724, 0.79489,
 14:51:42.399,ed:35:33:d3:6c:f8, 2015-01-01 03:03:19.650, 0.939, -0.026, 0.318, -0.488, 0.122, -0.244, -5.208, -71.29, 159.944, -23.993, -10.600, -13.360, 31.94, 0.16663, 0.56696, -0.13724, 0.79489,
 14:51:42.420,e3:ca:2d:fd:e0:8c, 2015-01-01 03:03:19.660, 0.855, -0.155, -0.525, 0.061, 0.061, 0.122, -163.531, -57.283, -48.312, -27.280, -8.227, 6.473, 29.14, -0.08008, -0.82022, 0.29376, -0.48419,
 14:51:42.420,e3:ca:2d:fd:e0:8c, 2015-01-01 03:03:19.660, 0.854, -0.156, -0.525, -0.061, 0, 0.061, -163.526, -57.283, -48.301, -27.280, -8.227, 6.473, 29.14, -0.08008, -0.82022, 0.29376, -0.48419,
 14:51:42.421,f6:90:cc:01:6d:25, 2015-01-01 03:03:20.080, 0.83, -0.013, -0.532, 0, 0, 0, -178.385, -57.239, -12.437, -27.127, -13.500, 13.107, 31.54, 0.03961, 0.87329, -0.08841, 0.47736,
 14:51:42.421,f6:90:cc:01:6d:25, 2015-01-01 03:03:20.080, 0.831, -0.014, -0.531, 0, 0, 0, -178.385, -57.239, -12.437, -27.127, -13.500, 13.107, 31.54, 0.03961, 0.87329, -0.08841, 0.47736,
 14:51:42.439,ed:40:fe:65:30:6c, 2015-01-01 03:03:24.975, 0.975, -0.032, 0.238, -0.183, 0.305, 0, -7.916, -76.3, -113.516, -28.047, -9.287, 10.447, 28.5, -0.39417, 0.54535, 0.29187, 0.67966,
 14:51:42.439,ed:40:fe:65:30:6c, 2015-01-01 03:03:24.975, 0.973, -0.034, 0.239, -0.122, 0.183, 0, -7.91, -76.295, -113.533, -28.047, -9.287, 10.447, 28.5, -0.39417, 0.54535, 0.29187, 0.67966,
 14:51:42.443,f6:90:cc:01:6d:25, 2015-01-01 03:03:20.080, 0.83, -0.016, -0.532, -0.183, 0, 0, -178.391, -57.239, -12.437, -27.127, -13.500, 13.107, 31.54, 0.03961, 0.87329, -0.08841, 0.47736,
 14:51:42.443,f6:90:cc:01:6d:25, 2015-01-01 03:03:20.080, 0.83, -0.016, -0.533, -0.061, -0.122, 0, -178.391, -57.239, -12.437, -27.127, -13.500, 13.107, 31.54, 0.03961, 0.87329, -0.08841, 0.47736,
 14:51:42.443,ed:35:33:d3:6c:f8, 2015-01-01 03:03:20.030, 0.939, -0.03, 0.317, -0.183, 0.366, -0.305, -5.186, -71.285, 159.917, -23.993, -10.600, -13.360, 31.94, 0.16663, 0.56696, -0.13724, 0.79489,
 14:51:42.443,ed:35:33:d3:6c:f8, 2015-01-01 03:03:20.030, 0.935, -0.03, 0.321, 0, 0.671, -0.427, -5.158, -71.268, 159.868, -23.993, -10.600, -13.360, 31.94, 0.16663, 0.56696, -0.13724, 0.79489,
 14:51:42.463,ed:40:fe:65:30:6c, 2015-01-01 03:03:24.975, 0.971, -0.034, 0.242, -0.122, -0.061, 0.122, -7.91, -76.289, -113.544, -28.047, -9.287, 10.447, 28.5, -0.39417, 0.54535, 0.29187, 0.67966,
 14:51:42.463,ed:40:fe:65:30:6c, 2015-01-01 03:03:24.975, 0.97, -0.032, 0.241, -0.122, -0.244, 0.366, -7.932, -76.289, -113.544, -28.047, -9.287, 10.447, 28.5, -0.39417, 0.54535, 0.29187, 0.67966,
 14:51:42.463,e3:ca:2d:fd:e0:8c, 2015-01-01 03:03:19.660, 0.854, -0.157, -0.525, -0.122, -0.061, 0.061, -163.526, -57.283, -48.285, -27.280, -8.227, 6.473, 29.14, -0.08008, -0.82022, 0.29376, -0.48419,
 14:51:42.463,e3:ca:2d:fd:e0:8c, 2015-01-01 03:03:19.660, 0.855, -0.158, -0.526, -0.122, -0.061, 0.061, -163.526, -57.277, -48.274, -27.280, -8.227, 6.473, 29.14, -0.08008, -0.82022, 0.29376, -0.48419,
 14:51:42.488,ed:35:33:d3:6c:f8, 2015-01-01 03:03:20.030, 0.936, -0.027, 0.325, 0, 0.488, -0.061, -5.147, -71.257, 159.829, -23.993, -10.600, -13.360, 31.94, 0.16663, 0.56696, -0.13724, 0.79489,
 14:51:42.488,ed:35:33:d3:6c:f8, 2015-01-01 03:03:20.030, 0.935, -0.027, 0.322, -0.122, 0.305, 0.427, -5.175, -71.252, 159.818, -23.993, -10.600, -13.360, 31.94, 0.16663, 0.56696, -0.13724, 0.79489,
 14:51:42.508,ed:40:fe:65:30:6c, 2015-01-01 03:03:24.975, 0.972, -0.031, 0.242, -0.183, -0.366, 0.488, -7.971, -76.295, -113.522, -28.047, -9.287, 10.447, 28.5, -0.39417, 0.54535, 0.29187, 0.67966,
 14:51:42.508,ed:40:fe:65:30:6c, 2015-01-01 03:03:24.975, 0.973, -0.03, 0.24, 0, -0.061, 0.427, -8.004, -76.295, -113.5, -28.047, -9.287, 10.447, 28.5, -0.39417, 0.54535, 0.29187, 0.67966,
 14:51:42.509,e3:ca:2d:fd:e0:8c, 2015-01-01 03:03:19.660, 0.855, -0.159, -0.527, 0, 0, 0.061, -163.526, -57.277, -48.263, -27.280, -8.227, 6.473, 29.14, -0.08008, -0.82022, 0.29376, -0.48419,
 14:51:42.509,e3:ca:2d:fd:e0:8c, 2015-01-01 03:03:19.660, 0.854, -0.158, -0.527, 0.061, -0.122, 0.061, -163.521, -57.277, -48.252, -27.280, -8.227, 6.473, 29.14, -0.08008, -0.82022, 0.29376, -0.48419,
 14:51:42.533,e3:ca:2d:fd:e0:8c, 2015-01-01 03:03:19.660, 0.857, -0.157, -0.525, 0.122, -0.366, 0.061, -163.521, -57.266, -48.235, -27.507, -8.653, 6.507, 29.14, -0.08008, -0.82022, 0.29376, -0.48419,
 14:51:42.533,e3:ca:2d:fd:e0:8c, 2015-01-01 03:03:19.660, 0.858, -0.155, -0.525, 0.061, -0.122, 0.061, -163.515, -57.266, -48.224, -27.507, -8.653, 6.507, 29.14, -0.08008, -0.82022, 0.29376, -0.48419,
 14:51:42.533,f6:90:cc:01:6d:25, 2015-01-01 03:03:20.080, 0.829, -0.016, -0.532, 0.305, -0.244, 0, -178.391, -57.233, -12.437, -27.127, -13.500, 13.107, 31.54, 0.03961, 0.87329, -0.08841, 0.47736,
 14:51:42.533,f6:90:cc:01:6d:25, 2015-01-01 03:03:20.080, 0.83, -0.015, -0.53, 0.183, -0.366, 0, -178.385, -57.228, -12.437, -27.127, -13.500, 13.107, 31.54, 0.03961, 0.87329, -0.08841, 0.47736,
 14:51:42.534,ed:35:33:d3:6c:f8, 2015-01-01 03:03:20.030, 0.938, -0.028, 0.321, -0.122, 0.122, 0.366, -5.191, -71.246, 159.807, -23.993, -10.600, -13.360, 31.94, 0.16663, 0.56696, -0.13724, 0.79489,
 14:51:42.534,ed:35:33:d3:6c:f8, 2015-01-01 03:03:20.030, 0.94, -0.027, 0.32, -0.305, 0.366, 0.061, -5.197, -71.235, 159.769, -23.993, -10.600, -13.360, 31.94, 0.16663, 0.56696, -0.13724, 0.79489,
 14:51:42.555,f6:90:cc:01:6d:25, 2015-01-01 03:03:20.080, 0.83, -0.014, -0.534, -0.122, -0.366, 0, -178.385, -57.222, -12.437, -27.127, -13.500, 13.107, 31.54, 0.03961, 0.87329, -0.08841, 0.47736,
 14:51:42.555,f6:90:cc:01:6d:25, 2015-01-01 03:03:20.080, 0.83, -0.014, -0.537, -0.061, -0.366, 0, -178.391, -57.217, -12.431, -27.127, -13.500, 13.107, 31.54, 0.03961, 0.87329, -0.08841, 0.47736,
 14:51:42.557,ed:35:33:d3:6c:f8, 2015-01-01 03:03:20.030, 0.939, -0.03, 0.322, 0.732, 0.488, 0.122, -5.186, -71.224, 159.708, -23.993, -10.600, -13.360, 31.94, 0.16663, 0.56696, -0.13724, 0.79489,
 14:51:42.557,ed:35:33:d3:6c:f8, 2015-01-01 03:03:20.030, 0.942, -0.028, 0.32, 1.16, 0.732, 0, -5.158, -71.208, 159.648, -23.993, -10.600, -13.360, 31.94, 0.16663, 0.56696, -0.13724, 0.79489,
 14:51:42.574,ed:40:fe:65:30:6c, 2015-01-01 03:03:24.975, 0.974, -0.032, 0.239, 0.183, 0, 0.549, -8.036, -76.289, -113.478, -28.047, -9.287, 10.447, 28.5, -0.39417, 0.54535, 0.29187, 0.67966,
 14:51:42.574,ed:40:fe:65:30:6c, 2015-01-01 03:03:24.975, 0.977, -0.032, 0.238, 0.427, -0.183, 0.671, -8.075, -76.289, -113.439, -28.047, -9.287, 10.447, 28.5, -0.39417, 0.54535, 0.29187, 0.67966,
 14:51:42.576,e3:ca:2d:fd:e0:8c, 2015-01-01 03:03:19.660, 0.858, -0.155, -0.525, 0, 0.305, 0.061, -163.51, -57.272, -48.214, -27.507, -8.653, 6.507, 29.14, -0.08008, -0.82022, 0.29376, -0.48419,
 14:51:42.576,e3:ca:2d:fd:e0:8c, 2015-01-01 03:03:19.660, 0.856, -0.156, -0.525, 0, 0.427, 0, -163.51, -57.283, -48.208, -27.507, -8.653, 6.507, 29.14, -0.08008, -0.82022, 0.29376, -0.48419,
 14:51:42.580,f6:90:cc:01:6d:25, 2015-01-01 03:03:20.080, 0.83, -0.014, -0.536, -0.183, -0.244, 0, -178.391, -57.211, -12.431, -27.127, -13.500, 13.107, 31.54, 0.03961, 0.87329, -0.08841, 0.47736,
 14:51:42.580,f6:90:cc:01:6d:25, 2015-01-01 03:03:20.080, 0.829, -0.014, -0.539, 0.183, -0.122, 0, -178.391, -57.211, -12.431, -27.127, -13.500, 13.107, 31.54, 0.03961, 0.87329, -0.08841, 0.47736,
 14:51:42.598,ed:40:fe:65:30:6c, 2015-01-01 03:03:24.975, 0.984, -0.032, 0.235, 0.366, -0.061, 0.671, -8.113, -76.284, -113.379, -27.847, -9.380, 10.673, 28.5, -0.39417, 0.54535, 0.29187, 0.67966,
 14:51:42.598,ed:40:fe:65:30:6c, 2015-01-01 03:03:24.975, 0.986, -0.032, 0.23, 0.183, -0.183, 0.793, -8.163, -76.284, -113.324, -27.847, -9.380, 10.673, 28.5, -0.39417, 0.54535, 0.29187, 0.67966,
 14:51:42.601,ed:35:33:d3:6c:f8, 2015-01-01 03:03:20.030, 0.949, -0.025, 0.315, 0.732, 1.221, 0.061, -5.136, -71.186, 159.582, -23.993, -10.600, -13.360, 31.94, 0.16663, 0.56696, -0.13724, 0.79489,
 14:51:42.601,ed:35:33:d3:6c:f8, 2015-01-01 03:03:20.030, 0.948, -0.026, 0.31, 0.244, 1.343, 0.183, -5.136, -71.158, 159.532, -23.993, -10.600, -13.360, 31.94, 0.16663, 0.56696, -0.13724, 0.79489,
 14:51:42.642,ed:40:fe:65:30:6c, 2015-01-01 03:03:24.975, 0.986, -0.032, 0.226, 0.061, -0.183, 0.977, -8.229, -76.284, -113.258, -27.847, -9.380, 10.673, 28.5, -0.39417, 0.54535, 0.29187, 0.67966,
 14:51:42.642,ed:40:fe:65:30:6c, 2015-01-01 03:03:24.975, 0.989, -0.032, 0.225, 0, 0.305, 1.038, -8.3, -76.278, -113.192, -27.847, -9.380, 10.673, 28.5, -0.39417, 0.54535, 0.29187, 0.67966,
 14:51:42.643,e3:ca:2d:fd:e0:8c, 2015-01-01 03:03:19.660, 0.854, -0.157, -0.531, -0.061, 0.427, -0.061, -163.504, -57.288, -48.197, -27.507, -8.653, 6.507, 29.14, -0.07886, -0.82086, 0.29202, -0.48434,
 14:51:42.643,e3:ca:2d:fd:e0:8c, 2015-01-01 03:03:19.660, 0.854, -0.155, -0.532, 0.183, 0.122, 0.061, -163.499, -57.294, -48.186, -27.507, -8.653, 6.507, 29.14, -0.07886, -0.82086, 0.29202, -0.48434,
 14:51:42.646,ed:35:33:d3:6c:f8, 2015-01-01 03:03:20.030, 0.951, -0.024, 0.303, -0.61, 1.648, 0.488, -5.164, -71.125, 159.505, -23.600, -10.707, -15.287, 31.94, 0.16663, 0.56696, -0.13724, 0.79489,
 14:51:42.646,ed:35:33:d3:6c:f8, 2015-01-01 03:03:20.030, 0.955, -0.028, 0.305, -0.61, 1.526, 0.854, -5.213, -71.098, 159.521, -23.600, -10.707, -15.287, 31.94, 0.16663, 0.56696, -0.13724, 0.79489,
 14:51:42.664,ed:40:fe:65:30:6c, 2015-01-01 03:03:24.975, 0.987, -0.035, 0.222, 0, 0.793, 0.916, -8.366, -76.267, -113.115, -27.847, -9.380, 10.673, 28.5, -0.3945, 0.54556, 0.2915, 0.67944,
 14:51:42.664,ed:40:fe:65:30:6c, 2015-01-01 03:03:24.975, 0.979, -0.038, 0.23, 0.122, 0.427, 0.671, -8.421, -76.262, -113.049, -27.847, -9.380, 10.673, 28.5, -0.3945, 0.54556, 0.2915, 0.67944,
 14:51:42.666,e3:ca:2d:fd:e0:8c, 2015-01-01 03:03:20.000, 0.853, -0.155, -0.535, 0.244, -0.122, 0, -163.499, -57.288, -48.175, -27.507, -8.653, 6.507, 29.14, -0.07886, -0.82086, 0.29202, -0.48434,
 14:51:42.666,e3:ca:2d:fd:e0:8c, 2015-01-01 03:03:20.000, 0.854, -0.157, -0.533, 0, 0.122, 0, -163.499, -57.288, -48.164, -27.507, -8.653, 6.507, 29.14, -0.07886, -0.82086, 0.29202, -0.48434,
 14:51:42.668,f6:90:cc:01:6d:25, 2015-01-01 03:03:20.080, 0.83, -0.014, -0.538, 0.549, 0, 0, -178.385, -57.206, -12.431, -27.127, -13.500, 13.107, 31.54, 0.03961, 0.87329, -0.08841, 0.47736,
 14:51:42.668,f6:90:cc:01:6d:25, 2015-01-01 03:03:20.080, 0.828, -0.014, -0.538, 0.244, 0.061, 0, -178.38, -57.206, -12.431, -27.127, -13.500, 13.107, 31.54, 0.03961, 0.87329, -0.08841, 0.47736,
 14:51:42.691,ed:35:33:d3:6c:f8, 2015-01-01 03:03:20.030, 0.951, -0.033, 0.307, -0.427, 1.648, 1.099, -5.279, -71.071, 159.571, -23.600, -10.707, -15.287, 31.94, 0.17047, 0.56473, -0.13983, 0.7952,
 14:51:42.691,ed:35:33:d3:6c:f8, 2015-01-01 03:03:20.030, 0.945, -0.037, 0.317, 0.793, 1.831, 1.099, -5.317, -71.043, 159.615, -23.600, -10.707, -15.287, 31.94, 0.17047, 0.56473, -0.13983, 0.7952,
 14:51:42.711,e3:ca:2d:fd:e0:8c, 2015-01-01 03:03:20.000, 0.853, -0.156, -0.531, -0.061, 0.427, 0, -163.493, -57.294, -48.153, -27.507, -8.653, 6.507, 29.14, -0.07886, -0.82086, 0.29202, -0.48434,
 14:51:42.711,e3:ca:2d:fd:e0:8c, 2015-01-01 03:03:20.000, 0.856, -0.156, -0.531, 0.122, 0.549, 0, -163.488, -57.305, -48.148, -27.507, -8.653, 6.507, 29.14, -0.07886, -0.82086, 0.29202, -0.48434,
 14:51:42.711,ed:40:fe:65:30:6c, 2015-01-01 03:03:24.975, 0.969, -0.039, 0.238, 0.061, -0.244, 0.183, -8.448, -76.262, -113, -27.847, -9.380, 10.673, 28.5, -0.3945, 0.54556, 0.2915, 0.67944,
 14:51:42.711,ed:40:fe:65:30:6c, 2015-01-01 03:03:24.975, 0.961, -0.037, 0.246, 0.061, -0.977, -0.061, -8.459, -76.273, -112.978, -27.847, -9.380, 10.673, 28.5, -0.3945, 0.54556, 0.2915, 0.67944,
 14:51:42.734,e3:ca:2d:fd:e0:8c, 2015-01-01 03:03:20.000, 0.858, -0.158, -0.526, 0.366, 0.793, 0, -163.477, -57.316, -48.142, -27.507, -8.653, 6.507, 29.14, -0.07886, -0.82086, 0.29202, -0.48434,
 14:51:42.734,e3:ca:2d:fd:e0:8c, 2015-01-01 03:03:20.000, 0.858, -0.157, -0.525, 0.366, 0.61, 0, -163.466, -57.327, -48.137, -27.507, -8.653, 6.507, 29.14, -0.07886, -0.82086, 0.29202, -0.48434,
 14:51:42.736,ed:35:33:d3:6c:f8, 2015-01-01 03:03:20.320, 0.923, -0.04, 0.328, 1.221, 1.892, -0.122, -5.279, -71.01, 159.587, -23.600, -10.707, -15.287, 31.94, 0.17047, 0.56473, -0.13983, 0.7952,
 14:51:42.736,ed:35:33:d3:6c:f8, 2015-01-01 03:03:20.320, 0.921, -0.03, 0.335, 1.099, 1.099, -0.732, -5.213, -70.994, 159.549, -23.600, -10.707, -15.287, 31.94, 0.17047, 0.56473, -0.13983, 0.7952,
 14:51:42.736,f6:90:cc:01:6d:25, 2015-01-01 03:03:20.080, 0.83, -0.014, -0.541, 0.122, 0.122, 0, -178.374, -57.211, -12.431, -26.807, -13.400, 14.460, 31.54, 0.03961, 0.87329, -0.08841, 0.47736,
 14:51:42.736,f6:90:cc:01:6d:25, 2015-01-01 03:03:20.080, 0.83, -0.014, -0.543, 0.244, 0.305, 0, -178.374, -57.211, -12.431, -26.807, -13.400, 14.460, 31.54, 0.03961, 0.87329, -0.08841, 0.47736,
 14:51:42.755,ed:40:fe:65:30:6c, 2015-01-01 03:03:25.330, 0.968, -0.033, 0.246, 0.366, -0.732, -0.183, -8.454, -76.295, -112.972, -27.847, -9.380, 10.673, 28.5, -0.3945, 0.54556, 0.2915, 0.67944,
 14:51:42.755,ed:40:fe:65:30:6c, 2015-01-01 03:03:25.330, 0.978, -0.034, 0.24, 0.671, -0.061, -0.183, -8.432, -76.3, -112.994, -27.847, -9.380, 10.673, 28.5, -0.3945, 0.54556, 0.2915, 0.67944,
 14:51:42.758,ed:35:33:d3:6c:f8, 2015-01-01 03:03:20.320, 0.935, -0.027, 0.331, 0.61, 0.549, -0.122, -5.197, -70.983, 159.565, -23.600, -10.707, -15.287, 31.94, 0.17047, 0.56473, -0.13983, 0.7952,
 14:51:42.758,ed:35:33:d3:6c:f8, 2015-01-01 03:03:20.320, 0.949, -0.028, 0.325, 0, -0.427, 0.366, -5.219, -70.988, 159.609, -23.600, -10.707, -15.287, 31.94, 0.17047, 0.56473, -0.13983, 0.7952,
 14:51:42.758,f6:90:cc:01:6d:25, 2015-01-01 03:03:20.080, 0.83, -0.015, -0.543, 0.244, 0.427, 0, -178.369, -57.217, -12.431, -26.807, -13.400, 14.460, 31.54, 0.03961, 0.87329, -0.08841, 0.47736,
 14:51:42.758,f6:90:cc:01:6d:25, 2015-01-01 03:03:20.080, 0.83, -0.017, -0.539, 0.305, 0.549, 0, -178.363, -57.222, -12.431, -26.807, -13.400, 14.460, 31.54, 0.03961, 0.87329, -0.08841, 0.47736,
 14:51:42.800,ed:40:fe:65:30:6c, 2015-01-01 03:03:25.330, 0.989, -0.034, 0.234, 0.671, 0, 0, -8.41, -76.3, -113.016, -27.847, -9.380, 10.673, 28.5, -0.3945, 0.54556, 0.2915, 0.67944,
 14:51:42.800,ed:40:fe:65:30:6c, 2015-01-01 03:03:25.330, 0.99, -0.035, 0.228, 0.366, -0.122, 0.244, -8.41, -76.3, -113.027, -27.847, -9.380, 10.673, 28.5, -0.3945, 0.54556, 0.2915, 0.67944,
 14:51:42.801,e3:ca:2d:fd:e0:8c, 2015-01-01 03:03:20.000, 0.858, -0.156, -0.522, 0.427, 0.305, 0, -163.455, -57.332, -48.131, -27.507, -8.653, 6.507, 29.14, -0.07886, -0.82086, 0.29202, -0.48434,
 14:51:42.801,e3:ca:2d:fd:e0:8c, 2015-01-01 03:03:20.000, 0.857, -0.157, -0.524, 0.366, 0.305, 0, -163.444, -57.338, -48.12, -27.507, -8.653, 6.507, 29.14, -0.07886, -0.82086, 0.29202, -0.48434,
 14:51:42.802,f6:90:cc:01:6d:25, 2015-01-01 03:03:20.080, 0.83, -0.015, -0.535, 0.244, 0.61, 0, -178.358, -57.233, -12.431, -26.807, -13.400, 14.460, 31.54, 0.03961, 0.87329, -0.08841, 0.47736,
 14:51:42.802,f6:90:cc:01:6d:25, 2015-01-01 03:03:20.080, 0.83, -0.014, -0.531, 0.244, 0.488, 0, -178.352, -57.239, -12.431, -26.807, -13.400, 14.460, 31.54, 0.03961, 0.87329, -0.08841, 0.47736,
 14:51:42.804,ed:35:33:d3:6c:f8, 2015-01-01 03:03:20.320, 0.957, -0.03, 0.319, 0.244, 0.793, 0.061, -5.219, -70.977, 159.631, -23.600, -10.707, -15.287, 31.94, 0.17047, 0.56473, -0.13983, 0.7952,
 14:51:42.804,ed:35:33:d3:6c:f8, 2015-01-01 03:03:20.320, 0.958, -0.029, 0.315, 0.122, 0.977, 0, -5.213, -70.955, 159.653, -23.600, -10.707, -15.287, 31.94, 0.17047, 0.56473, -0.13983, 0.7952,
 14:51:42.822,ed:40:fe:65:30:6c, 2015-01-01 03:03:25.330, 0.97, -0.036, 0.233, -0.244, -1.282, 0.244, -8.432, -76.311, -113.022, -27.847, -9.380, 10.673, 28.5, -0.3945, 0.54556, 0.2915, 0.67944,
 14:51:42.822,ed:40:fe:65:30:6c, 2015-01-01 03:03:25.330, 0.951, -0.033, 0.245, -0.549, -2.869, 0.122, -8.481, -76.36, -112.989, -27.847, -9.380, 10.673, 28.5, -0.3945, 0.54556, 0.2915, 0.67944,
 14:51:42.826,f6:90:cc:01:6d:25, 2015-01-01 03:03:20.080, 0.831, -0.015, -0.53, 0.122, 0.305, 0, -178.352, -57.244, -12.431, -26.807, -13.400, 14.460, 31.54, 0.03934, 0.87326, -0.08823, 0.47748,
 14:51:42.826,f6:90:cc:01:6d:25, 2015-01-01 03:03:20.080, 0.831, -0.015, -0.531, -0.061, 0.244, 0, -178.352, -57.25, -12.431, -26.807, -13.400, 14.460, 31.54, 0.03934, 0.87326, -0.08823, 0.47748,
 14:51:42.848,e3:ca:2d:fd:e0:8c, 2015-01-01 03:03:20.000, 0.856, -0.158, -0.523, 0.183, 0.549, 0, -163.433, -57.343, -48.115, -27.507, -8.653, 6.507, 29.14, -0.07886, -0.82086, 0.29202, -0.48434,
 14:51:42.848,e3:ca:2d:fd:e0:8c, 2015-01-01 03:03:20.000, 0.853, -0.159, -0.52, 0, 0.793, 0, -163.427, -57.36, -48.115, -27.507, -8.653, 6.507, 29.14, -0.07886, -0.82086, 0.29202, -0.48434,
 14:51:42.848,f6:90:cc:01:6d:25, 2015-01-01 03:03:20.080, 0.831, -0.017, -0.533, 0, 0.244, 0, -178.352, -57.255, -12.431, -26.807, -13.400, 14.460, 31.54, 0.03934, 0.87326, -0.08823, 0.47748,
 14:51:42.848,f6:90:cc:01:6d:25, 2015-01-01 03:03:20.080, 0.829, -0.015, -0.532, 0, 0.305, 0, -178.352, -57.261, -12.431, -26.807, -13.400, 14.460, 31.54, 0.03934, 0.87326, -0.08823, 0.47748,
 14:51:42.849,ed:35:33:d3:6c:f8, 2015-01-01 03:03:20.320, 0.918, -0.034, 0.324, 0.549, 1.77, -0.793, -5.147, -70.928, 159.604, -23.600, -10.707, -15.287, 31.94, 0.17047, 0.56473, -0.13983, 0.7952,
 14:51:42.849,ed:35:33:d3:6c:f8, 2015-01-01 03:03:20.320, 0.901, -0.026, 0.333, 0.549, 2.563, -0.977, -5.07, -70.878, 159.549, -23.600, -10.707, -15.287, 31.94, 0.17047, 0.56473, -0.13983, 0.7952,
 14:51:42.868,ed:40:fe:65:30:6c, 2015-01-01 03:03:25.330, 0.966, -0.034, 0.247, -0.122, -1.892, 0.061, -8.52, -76.399, -112.956, -27.847, -9.380, 10.673, 28.5, -0.3945, 0.54556, 0.2915, 0.67944,
 14:51:42.868,ed:40:fe:65:30:6c, 2015-01-01 03:03:25.330, 0.989, -0.036, 0.233, 0.244, 0.732, 0, -8.509, -76.393, -112.956, -27.847, -9.380, 10.673, 28.5, -0.3945, 0.54556, 0.2915, 0.67944,
 14:51:42.868,e3:ca:2d:fd:e0:8c, 2015-01-01 03:03:20.000, 0.853, -0.158, -0.521, 0, 0.671, 0, -163.416, -57.376, -48.109, -27.200, -8.507, 6.673, 29.14, -0.07886, -0.82086, 0.29202, -0.48434,
 14:51:42.868,e3:ca:2d:fd:e0:8c, 2015-01-01 03:03:20.000, 0.854, -0.158, -0.524, 0, 0.366, 0, -163.416, -57.382, -48.104, -27.200, -8.507, 6.673, 29.14, -0.07886, -0.82086, 0.29202, -0.48434,
 14:51:42.892,f6:90:cc:01:6d:25, 2015-01-01 03:03:20.080, 0.829, -0.015, -0.527, 0.244, 0.122, 0, -178.347, -57.261, -12.431, -26.807, -13.400, 14.460, 31.54, 0.03934, 0.87326, -0.08823, 0.47748,
 14:51:42.892,f6:90:cc:01:6d:25, 2015-01-01 03:03:20.080, 0.829, -0.016, -0.528, 0.244, 0.122, 0, -178.341, -57.266, -12.431, -26.807, -13.400, 14.460, 31.54, 0.03934, 0.87326, -0.08823, 0.47748,
 14:51:42.894,ed:35:33:d3:6c:f8, 2015-01-01 03:03:20.320, 0.938, -0.027, 0.329, -0.122, 0.244, 0, -5.076, -70.873, 159.565, -23.600, -10.707, -15.287, 31.94, 0.17047, 0.56473, -0.13983, 0.7952,
 14:51:42.894,ed:35:33:d3:6c:f8, 2015-01-01 03:03:20.320, 0.952, -0.033, 0.314, -0.549, 0.183, 0.61, -5.12, -70.867, 159.615, -23.600, -10.707, -15.287, 31.94, 0.17047, 0.56473, -0.13983, 0.7952,
 14:51:42.914,e3:ca:2d:fd:e0:8c, 2015-01-01 03:03:20.000, 0.855, -0.159, -0.527, -0.244, 0.305, 0, -163.416, -57.387, -48.098, -27.200, -8.507, 6.673, 29.14, -0.07886, -0.82086, 0.29202, -0.48434,
 14:51:42.914,e3:ca:2d:fd:e0:8c, 2015-01-01 03:03:20.000, 0.858, -0.156, -0.533, -0.244, 0.183, 0, -163.416, -57.387, -48.087, -27.200, -8.507, 6.673, 29.14, -0.07886, -0.82086, 0.29202, -0.48434,
 14:51:42.914,f6:90:cc:01:6d:25, 2015-01-01 03:03:20.550, 0.83, -0.016, -0.534, 0, 0, 0, -178.341, -57.266, -12.431, -26.807, -13.400, 14.460, 31.54, 0.03934, 0.87326, -0.08823, 0.47748,
 14:51:42.914,f6:90:cc:01:6d:25, 2015-01-01 03:03:20.550, 0.831, -0.015, -0.541, 0.061, 0.183, 0, -178.341, -57.272, -12.431, -26.807, -13.400, 14.460, 31.54, 0.03934, 0.87326, -0.08823, 0.47748,
 14:51:42.915,ed:40:fe:65:30:6c, 2015-01-01 03:03:25.330, 0.99, -0.034, 0.229, 0.061, 1.16, -0.061, -8.492, -76.371, -112.972, -27.847, -9.380, 10.673, 28.5, -0.3945, 0.54556, 0.2915, 0.67944,
 14:51:42.915,ed:40:fe:65:30:6c, 2015-01-01 03:03:25.330, 0.976, -0.032, 0.227, -0.122, 0.305, -0.183, -8.47, -76.36, -112.983, -27.847, -9.380, 10.673, 28.5, -0.3945, 0.54556, 0.2915, 0.67944,
 14:51:42.916,ed:35:33:d3:6c:f8, 2015-01-01 03:03:20.320, 0.955, -0.029, 0.317, -0.977, -0.549, 0.061, -5.153, -70.878, 159.626, -24.227, -10.660, -13.760, 31.94, 0.17047, 0.56473, -0.13983, 0.7952,
 14:51:42.916,ed:35:33:d3:6c:f8, 2015-01-01 03:03:20.320, 0.933, -0.03, 0.318, -0.671, 1.038, -1.099, -5.098, -70.862, 159.565, -24.227, -10.660, -13.760, 31.94, 0.17047, 0.56473, -0.13983, 0.7952,
 14:51:42.937,e3:ca:2d:fd:e0:8c, 2015-01-01 03:03:20.000, 0.857, -0.155, -0.53, 0, 0.244, 0, -163.416, -57.393, -48.082, -27.200, -8.507, 6.673, 29.14, -0.07806, -0.82086, 0.29041, -0.48541,
 14:51:42.937,e3:ca:2d:fd:e0:8c, 2015-01-01 03:03:20.000, 0.856, -0.155, -0.529, 0.061, -0.061, 0, -163.411, -57.387, -48.065, -27.200, -8.507, 6.673, 29.14, -0.07806, -0.82086, 0.29041, -0.48541,
 14:51:42.938,f6:90:cc:01:6d:25, 2015-01-01 03:03:20.550, 0.831, -0.013, -0.535, 0.244, 0.061, 0, -178.336, -57.272, -12.431, -26.807, -13.400, 14.460, 31.54, 0.03934, 0.87326, -0.08823, 0.47748,
 14:51:42.938,f6:90:cc:01:6d:25, 2015-01-01 03:03:20.550, 0.83, -0.013, -0.534, 0.122, -0.122, 0, -178.336, -57.266, -12.431, -26.807, -13.400, 14.460, 31.54, 0.03934, 0.87326, -0.08823, 0.47748,
 14:51:42.981,ed:40:fe:65:30:6c, 2015-01-01 03:03:25.330, 0.976, -0.03, 0.234, -0.183, 0, -0.244, -8.454, -76.36, -113, -28.300, -9.193, 10.773, 28.5, -0.3945, 0.54556, 0.2915, 0.67944,
 14:51:42.981,ed:40:fe:65:30:6c, 2015-01-01 03:03:25.330, 0.98, -0.031, 0.234, -0.366, 0.854, -0.183, -8.432, -76.349, -113.027, -28.300, -9.193, 10.773, 28.5, -0.3945, 0.54556, 0.2915, 0.67944,
 14:51:42.981,e3:ca:2d:fd:e0:8c, 2015-01-01 03:03:20.000, 0.855, -0.153, -0.522, -0.183, 0, 0, -163.416, -57.387, -48.06, -27.200, -8.507, 6.673, 29.14, -0.07806, -0.82086, 0.29041, -0.48541,
 14:51:42.981,e3:ca:2d:fd:e0:8c, 2015-01-01 03:03:20.000, 0.857, -0.154, -0.521, -0.183, 0.183, 0, -163.422, -57.393, -48.049, -27.200, -8.507, 6.673, 29.14, -0.07806, -0.82086, 0.29041, -0.48541,
 14:51:42.982,f6:90:cc:01:6d:25, 2015-01-01 03:03:20.550, 0.831, -0.013, -0.538, -0.122, 0, 0, -178.341, -57.266, -12.431, -26.807, -13.400, 14.460, 31.54, 0.03934, 0.87326, -0.08823, 0.47748,
 14:51:42.982,f6:90:cc:01:6d:25, 2015-01-01 03:03:20.550, 0.831, -0.013, -0.533, -0.061, 0, 0, -178.341, -57.266, -12.431, -26.807, -13.400, 14.460, 31.54, 0.03934, 0.87326, -0.08823, 0.47748,
 14:51:42.983,ed:35:33:d3:6c:f8, 2015-01-01 03:03:20.320, 0.938, -0.022, 0.321, 0, 1.16, -0.61, -5.059, -70.845, 159.549, -24.227, -10.660, -13.760, 31.94, 0.17047, 0.56473, -0.13983, 0.7952,
 14:51:42.983,ed:35:33:d3:6c:f8, 2015-01-01 03:03:20.320, 0.941, -0.027, 0.328, -0.854, 0.305, -0.427, -5.048, -70.84, 159.543, -24.227, -10.660, -13.760, 31.94, 0.17047, 0.56473, -0.13983, 0.7952,
 14:51:43.003,ed:40:fe:65:30:6c, 2015-01-01 03:03:25.330, 0.975, -0.034, 0.239, -0.671, 0.366, -0.366, -8.405, -76.339, -113.049, -28.300, -9.193, 10.773, 28.5, -0.39462, 0.54587, 0.29187, 0.67896,
 14:51:43.003,ed:40:fe:65:30:6c, 2015-01-01 03:03:25.330, 0.972, -0.033, 0.239, -0.854, -0.549, -0.671, -8.372, -76.349, -113.088, -28.300, -9.193, 10.773, 28.5, -0.39462, 0.54587, 0.29187, 0.67896,
 14:51:43.005,f6:90:cc:01:6d:25, 2015-01-01 03:03:20.550, 0.83, -0.013, -0.529, 0, 0, 0, -178.347, -57.266, -12.431, -26.807, -13.400, 14.460, 31.54, 0.03934, 0.87326, -0.08823, 0.47748,
 14:51:43.005,f6:90:cc:01:6d:25, 2015-01-01 03:03:20.550, 0.83, -0.013, -0.532, -0.122, 0, 0, -178.347, -57.266, -12.431, -26.807, -13.400, 14.460, 31.54, 0.03934, 0.87326, -0.08823, 0.47748,
 14:51:43.007,ed:35:33:d3:6c:f8, 2015-01-01 03:03:20.320, 0.934, -0.03, 0.331, -1.099, 0, -0.671, -5.032, -70.84, 159.521, -24.227, -10.660, -13.760, 31.94, 0.16965, 0.56342, -0.13812, 0.7966,
 14:51:43.007,ed:35:33:d3:6c:f8, 2015-01-01 03:03:20.320, 0.931, -0.028, 0.331, -1.16, -0.183, -1.099, -4.993, -70.845, 159.467, -24.227, -10.660, -13.760, 31.94, 0.16965, 0.56342, -0.13812, 0.7966,
 14:51:43.025,e3:ca:2d:fd:e0:8c, 2015-01-01 03:03:20.335, 0.858, -0.157, -0.521, -0.366, 0.183, 0, -163.427, -57.393, -48.043, -27.200, -8.507, 6.673, 29.14, -0.07806, -0.82086, 0.29041, -0.48541,
 14:51:43.025,e3:ca:2d:fd:e0:8c, 2015-01-01 03:03:20.335, 0.858, -0.156, -0.523, -0.366, 0.122, 0, -163.433, -57.398, -48.032, -27.200, -8.507, 6.673, 29.14, -0.07806, -0.82086, 0.29041, -0.48541,
 14:51:43.047,ed:40:fe:65:30:6c, 2015-01-01 03:03:25.330, 0.971, -0.033, 0.239, -0.916, -0.488, -0.793, -8.333, -76.36, -113.143, -28.300, -9.193, 10.773, 28.5, -0.39462, 0.54587, 0.29187, 0.67896,
 14:51:43.047,ed:40:fe:65:30:6c, 2015-01-01 03:03:25.330, 0.969, -0.032, 0.239, -0.61, -0.488, -0.671, -8.289, -76.371, -113.187, -28.300, -9.193, 10.773, 28.5, -0.39462, 0.54587, 0.29187, 0.67896,
 14:51:43.050,f6:90:cc:01:6d:25, 2015-01-01 03:03:20.550, 0.829, -0.014, -0.532, -0.061, -0.061, 0, -178.352, -57.266, -12.431, -26.807, -13.400, 14.460, 31.54, 0.03934, 0.87326, -0.08823, 0.47748,
 14:51:43.050,f6:90:cc:01:6d:25, 2015-01-01 03:03:20.550, 0.83, -0.015, -0.533, 0, -0.122, 0, -178.352, -57.261, -12.431, -26.807, -13.400, 14.460, 31.54, 0.03934, 0.87326, -0.08823, 0.47748,
 14:51:43.051,ed:35:33:d3:6c:f8, 2015-01-01 03:03:20.320, 0.933, -0.027, 0.329, -1.221, -0.488, -1.099, -4.96, -70.856, 159.406, -24.227, -10.660, -13.760, 31.94, 0.16965, 0.56342, -0.13812, 0.7966,
 14:51:43.051,ed:35:33:d3:6c:f8, 2015-01-01 03:03:20.320, 0.927, -0.024, 0.327, -0.732, -0.854, -0.61, -4.944, -70.873, 159.373, -24.227, -10.660, -13.760, 31.94, 0.16965, 0.56342, -0.13812, 0.7966,
 14:51:43.070,ed:40:fe:65:30:6c, 2015-01-01 03:03:25.665, 0.969, -0.033, 0.239, 0, 0, -0.366, -8.256, -76.371, -113.209, -28.300, -9.193, 10.773, 28.5, -0.39462, 0.54587, 0.29187, 0.67896,
 14:51:43.070,ed:40:fe:65:30:6c, 2015-01-01 03:03:25.665, 0.974, -0.034, 0.24, 0.244, 0.488, -0.305, -8.218, -76.36, -113.247, -28.300, -9.193, 10.773, 28.5, -0.39462, 0.54587, 0.29187, 0.67896,
 14:51:43.071,e3:ca:2d:fd:e0:8c, 2015-01-01 03:03:20.335, 0.856, -0.155, -0.526, -0.122, -0.061, 0, -163.438, -57.398, -48.021, -27.200, -8.507, 6.673, 29.14, -0.07806, -0.82086, 0.29041, -0.48541,
 14:51:43.071,e3:ca:2d:fd:e0:8c, 2015-01-01 03:03:20.335, 0.855, -0.158, -0.527, 0.061, -0.183, 0, -163.438, -57.393, -48.01, -27.200, -8.507, 6.673, 29.14, -0.07806, -0.82086, 0.29041, -0.48541,
 14:51:43.093,e3:ca:2d:fd:e0:8c, 2015-01-01 03:03:20.335, 0.854, -0.16, -0.527, 0, -0.305, 0, -163.438, -57.387, -47.999, -27.200, -8.507, 6.673, 29.14, -0.07806, -0.82086, 0.29041, -0.48541,
 14:51:43.093,e3:ca:2d:fd:e0:8c, 2015-01-01 03:03:20.335, 0.855, -0.158, -0.526, 0.122, -0.366, 0, -163.438, -57.382, -47.983, -27.200, -8.507, 6.673, 29.14, -0.07806, -0.82086, 0.29041, -0.48541,
 14:51:43.095,ed:35:33:d3:6c:f8, 2015-01-01 03:03:20.655, 0.931, -0.028, 0.329, 0.427, -1.099, 0.061, -4.944, -70.895, 159.362, -24.227, -10.660, -13.760, 31.94, 0.16965, 0.56342, -0.13812, 0.7966,
 14:51:43.095,ed:35:33:d3:6c:f8, 2015-01-01 03:03:20.655, 0.938, -0.027, 0.327, 0.244, -1.16, 0, -4.944, -70.917, 159.346, -24.227, -10.660, -13.760, 31.94, 0.16965, 0.56342, -0.13812, 0.7966,
 14:51:43.116,ed:40:fe:65:30:6c, 2015-01-01 03:03:25.665, 0.978, -0.032, 0.237, -0.122, 0.61, -0.305, -8.179, -76.349, -113.286, -28.300, -9.193, 10.773, 28.5, -0.39462, 0.54587, 0.29187, 0.67896,
 14:51:43.116,ed:40:fe:65:30:6c, 2015-01-01 03:03:25.665, 0.978, -0.03, 0.231, -0.244, 0.793, -0.122, -8.163, -76.333, -113.318, -28.300, -9.193, 10.773, 28.5, -0.39462, 0.54587, 0.29187, 0.67896,
 14:51:43.117,f6:90:cc:01:6d:25, 2015-01-01 03:03:20.550, 0.829, -0.015, -0.532, 0, -0.244, 0, -178.358, -57.261, -12.431, -26.807, -13.400, 14.460, 31.54, 0.03934, 0.87326, -0.08823, 0.47748,
 14:51:43.117,f6:90:cc:01:6d:25, 2015-01-01 03:03:20.550, 0.83, -0.016, -0.533, 0.183, -0.305, 0, -178.352, -57.255, -12.431, -26.807, -13.400, 14.460, 31.54, 0.03934, 0.87326, -0.08823, 0.47748,
 14:51:43.118,ed:35:33:d3:6c:f8, 2015-01-01 03:03:20.655, 0.939, -0.025, 0.323, -0.549, -0.977, -0.549, -4.922, -70.933, 159.296, -24.227, -10.660, -13.760, 31.94, 0.16965, 0.56342, -0.13812, 0.7966,
 14:51:43.118,ed:35:33:d3:6c:f8, 2015-01-01 03:03:20.655, 0.941, -0.022, 0.317, -0.732, -0.854, -0.366, -4.916, -70.95, 159.269, -24.227, -10.660, -13.760, 31.94, 0.16965, 0.56342, -0.13812, 0.7966,
 14:51:43.139,e3:ca:2d:fd:e0:8c, 2015-01-01 03:03:20.335, 0.856, -0.156, -0.526, 0.183, -0.488, 0, -163.438, -57.371, -47.972, -27.200, -8.507, 6.673, 29.14, -0.07806, -0.82086, 0.29041, -0.48541,
 14:51:43.139,e3:ca:2d:fd:e0:8c, 2015-01-01 03:03:20.335, 0.857, -0.157, -0.526, 0.122, -0.061, 0, -163.438, -57.365, -47.955, -27.200, -8.507, 6.673, 29.14, -0.07806, -0.82086, 0.29041, -0.48541,
 14:51:43.140,f6:90:cc:01:6d:25, 2015-01-01 03:03:20.550, 0.83, -0.015, -0.536, 0.061, -0.305, 0, -178.352, -57.244, -12.431, -26.887, -13.753, 14.107, 31.54, 0.03934, 0.87326, -0.08823, 0.47748,
 14:51:43.140,f6:90:cc:01:6d:25, 2015-01-01 03:03:20.550, 0.83, -0.015, -0.539, 0.305, -0.122, 0, -178.347, -57.244, -12.431, -26.887, -13.753, 14.107, 31.54, 0.03934, 0.87326, -0.08823, 0.47748,
 14:51:43.160,ed:40:fe:65:30:6c, 2015-01-01 03:03:25.665, 0.98, -0.033, 0.234, -0.183, 1.221, 0.244, -8.163, -76.311, -113.318, -28.300, -9.193, 10.773, 28.5, -0.39462, 0.54587, 0.29187, 0.67896,
 14:51:43.160,ed:40:fe:65:30:6c, 2015-01-01 03:03:25.665, 0.983, -0.036, 0.232, 0.183, 1.343, 0.427, -8.174, -76.284, -113.302, -28.300, -9.193, 10.773, 28.5, -0.39462, 0.54587, 0.29187, 0.67896,
 14:51:43.164,ed:35:33:d3:6c:f8, 2015-01-01 03:03:20.655, 0.945, -0.028, 0.318, -0.122, -1.404, 0.427, -4.949, -70.972, 159.329, -24.227, -10.660, -13.760, 31.94, 0.16965, 0.56342, -0.13812, 0.7966,
 14:51:43.164,ed:35:33:d3:6c:f8, 2015-01-01 03:03:20.655, 0.948, -0.033, 0.322, 0.061, -1.343, 0.793, -4.999, -70.999, 159.412, -24.227, -10.660, -13.760, 31.94, 0.16965, 0.56342, -0.13812, 0.7966,
 14:51:43.206,ed:40:fe:65:30:6c, 2015-01-01 03:03:25.665, 0.982, -0.034, 0.235, 0.122, 0.916, 0.183, -8.174, -76.262, -113.286, -28.300, -9.193, 10.773, 28.5, -0.39462, 0.54587, 0.29187, 0.67896,
 14:51:43.206,ed:40:fe:65:30:6c, 2015-01-01 03:03:25.665, 0.977, -0.032, 0.234, 0, 0.122, -0.122, -8.168, -76.256, -113.291, -28.300, -9.193, 10.773, 28.5, -0.39462, 0.54587, 0.29187, 0.67896,
 14:51:43.206,e3:ca:2d:fd:e0:8c, 2015-01-01 03:03:20.335, 0.858, -0.157, -0.525, 0.061, -0.122, 0, -163.438, -57.365, -47.95, -27.200, -8.507, 6.673, 29.14, -0.07806, -0.82086, 0.29041, -0.48541,
 14:51:43.206,e3:ca:2d:fd:e0:8c, 2015-01-01 03:03:20.335, 0.858, -0.155, -0.523, 0.061, -0.061, 0, -163.438, -57.36, -47.939, -27.200, -8.507, 6.673, 29.14, -0.07806, -0.82086, 0.29041, -0.48541,
 14:51:43.207,f6:90:cc:01:6d:25, 2015-01-01 03:03:20.550, 0.83, -0.016, -0.535, 0.183, -0.061, 0, -178.347, -57.244, -12.431, -26.887, -13.753, 14.107, 31.54, 0.03934, 0.87326, -0.08823, 0.47748,
 14:51:43.207,f6:90:cc:01:6d:25, 2015-01-01 03:03:20.550, 0.831, -0.015, -0.536, 0.122, -0.061, 0, -178.341, -57.239, -12.431, -26.887, -13.753, 14.107, 31.54, 0.03934, 0.87326, -0.08823, 0.47748,
 14:51:43.209,ed:35:33:d3:6c:f8, 2015-01-01 03:03:20.655, 0.936, -0.03, 0.321, 0.122, -1.16, 0.244, -5.015, -71.021, 159.45, -24.227, -10.660, -13.760, 31.94, 0.16965, 0.56342, -0.13812, 0.7966,
 14:51:43.209,ed:35:33:d3:6c:f8, 2015-01-01 03:03:20.655, 0.944, -0.022, 0.319, 0, -0.916, 0.183, -5.01, -71.038, 159.494, -24.227, -10.660, -13.760, 31.94, 0.16965, 0.56342, -0.13812, 0.7966,
 14:51:43.228,e3:ca:2d:fd:e0:8c, 2015-01-01 03:03:20.335, 0.856, -0.154, -0.522, 0, 0.061, 0, -163.433, -57.36, -47.928, -27.533, -8.727, 7.153, 29.14, -0.07806, -0.82086, 0.29041, -0.48541,
 14:51:43.228,e3:ca:2d:fd:e0:8c, 2015-01-01 03:03:20.335, 0.856, -0.155, -0.524, -0.122, 0.183, 0, -163.433, -57.36, -47.922, -27.533, -8.727, 7.153, 29.14, -0.07806, -0.82086, 0.29041, -0.48541,
 14:51:43.230,f6:90:cc:01:6d:25, 2015-01-01 03:03:20.550, 0.831, -0.014, -0.535, 0.183, -0.061, 0, -178.341, -57.239, -12.431, -26.887, -13.753, 14.107, 31.54, 0.03922, 0.87326, -0.08813, 0.47748,
 14:51:43.230,f6:90:cc:01:6d:25, 2015-01-01 03:03:20.550, 0.829, -0.013, -0.536, 0, -0.061, 0, -178.341, -57.239, -12.426, -26.887, -13.753, 14.107, 31.54, 0.03922, 0.87326, -0.08813, 0.47748,
 14:51:43.250,ed:40:fe:65:30:6c, 2015-01-01 03:03:25.665, 0.977, -0.03, 0.235, 0.061, 0.061, -0.061, -8.157, -76.256, -113.291, -28.300, -9.193, 10.773, 28.5, -0.39462, 0.54587, 0.29187, 0.67896,
 14:51:43.250,ed:40:fe:65:30:6c, 2015-01-01 03:03:25.665, 0.978, -0.029, 0.236, 0, 0.427, 0, -8.146, -76.251, -113.302, -28.300, -9.193, 10.773, 28.5, -0.39462, 0.54587, 0.29187, 0.67896,
 14:51:43.255,ed:35:33:d3:6c:f8, 2015-01-01 03:03:20.655, 0.941, -0.025, 0.32, -0.366, -1.038, 0.488, -5.032, -71.06, 159.554, -24.227, -10.660, -13.760, 31.94, 0.16965, 0.56342, -0.13812, 0.7966,
 14:51:43.255,ed:35:33:d3:6c:f8, 2015-01-01 03:03:20.655, 0.933, -0.027, 0.323, -1.099, -0.793, -0.122, -5.065, -71.076, 159.615, -24.227, -10.660, -13.760, 31.94, 0.16965, 0.56342, -0.13812, 0.7966,
 14:51:43.272,ed:40:fe:65:30:6c, 2015-01-01 03:03:25.665, 0.973, -0.032, 0.238, -0.366, 0.305, 0.061, -8.146, -76.245, -113.297, -27.767, -9.353, 10.853, 28.5, -0.39462, 0.54587, 0.29187, 0.67896,
 14:51:43.272,ed:40:fe:65:30:6c, 2015-01-01 03:03:25.665, 0.971, -0.031, 0.241, -0.854, 0, 0.061, -8.163, -76.245, -113.297, -27.767, -9.353, 10.853, 28.5, -0.39462, 0.54587, 0.29187, 0.67896,
 14:51:43.273,e3:ca:2d:fd:e0:8c, 2015-01-01 03:03:20.335, 0.857, -0.157, -0.527, -0.122, 0.244, 0, -163.438, -57.365, -47.917, -27.533, -8.727, 7.153, 29.14, -0.07806, -0.82086, 0.29041, -0.48541,
 14:51:43.273,e3:ca:2d:fd:e0:8c, 2015-01-01 03:03:20.335, 0.856, -0.157, -0.527, -0.122, 0.183, 0, -163.438, -57.371, -47.906, -27.533, -8.727, 7.153, 29.14, -0.07806, -0.82086, 0.29041, -0.48541,
 14:51:43.296,e3:ca:2d:fd:e0:8c, 2015-01-01 03:03:20.335, 0.855, -0.157, -0.527, 0, -0.122, 0, -163.438, -57.371, -47.9, -27.533, -8.727, 7.153, 29.14, -0.07739, -0.82135, 0.28925, -0.48538,
 14:51:43.296,e3:ca:2d:fd:e0:8c, 2015-01-01 03:03:20.335, 0.856, -0.157, -0.527, 0, -0.183, 0, -163.438, -57.371, -47.889, -27.533, -8.727, 7.153, 29.14, -0.07739, -0.82135, 0.28925, -0.48538,
 14:51:43.297,f6:90:cc:01:6d:25, 2015-01-01 03:03:20.550, 0.83, -0.014, -0.536, 0, 0, 0, -178.341, -57.239, -12.426, -26.887, -13.753, 14.107, 31.54, 0.03922, 0.87326, -0.08813, 0.47748,
 14:51:43.297,f6:90:cc:01:6d:25, 2015-01-01 03:03:20.550, 0.829, -0.015, -0.535, 0.061, 0, 0, -178.341, -57.233, -12.426, -26.887, -13.753, 14.107, 31.54, 0.03922, 0.87326, -0.08813, 0.47748,
 14:51:43.298,ed:35:33:d3:6c:f8, 2015-01-01 03:03:20.655, 0.933, -0.023, 0.324, -1.892, -0.793, -0.244, -5.081, -71.093, 159.637, -23.580, -10.380, -13.053, 31.94, 0.16965, 0.56342, -0.13812, 0.7966,
 14:51:43.298,ed:35:33:d3:6c:f8, 2015-01-01 03:03:20.655, 0.939, -0.025, 0.322, -1.404, -1.282, 0.549, -5.114, -71.109, 159.659, -23.580, -10.380, -13.053, 31.94, 0.16965, 0.56342, -0.13812, 0.7966,
 14:51:43.317,ed:40:fe:65:30:6c, 2015-01-01 03:03:25.665, 0.973, -0.031, 0.24, -0.61, 0.122, 0.305, -8.19, -76.24, -113.291, -27.767, -9.353, 10.853, 28.5, -0.39462, 0.54587, 0.29187, 0.67896,
 14:51:43.318,ed:40:fe:65:30:6c, 2015-01-01 03:03:25.665, 0.976, -0.032, 0.238, -0.122, 0.427, 0.549, -8.223, -76.234, -113.264, -27.767, -9.353, 10.853, 28.5, -0.39462, 0.54587, 0.29187, 0.67896,
 14:51:43.321,f6:90:cc:01:6d:25, 2015-01-01 03:03:20.955, 0.829, -0.014, -0.534, 0, -0.061, 0, -178.341, -57.233, -12.426, -26.887, -13.753, 14.107, 31.54, 0.03922, 0.87326, -0.08813, 0.47748,
 14:51:43.321,f6:90:cc:01:6d:25, 2015-01-01 03:03:20.955, 0.829, -0.014, -0.535, 0, -0.122, 0, -178.341, -57.233, -12.426, -26.887, -13.753, 14.107, 31.54, 0.03922, 0.87326, -0.08813, 0.47748,
 14:51:43.323,ed:35:33:d3:6c:f8, 2015-01-01 03:03:20.655, 0.946, -0.029, 0.318, -0.61, -1.404, 0.977, -5.18, -71.131, 159.697, -23.580, -10.380, -13.053, 31.94, 0.16901, 0.56549, -0.13861, 0.7952,
 14:51:43.324,ed:35:33:d3:6c:f8, 2015-01-01 03:03:20.655, 0.943, -0.031, 0.315, 0.061, -0.671, 0.61, -5.24, -71.153, 159.752, -23.580, -10.380, -13.053, 31.94, 0.16901, 0.56549, -0.13861, 0.7952,
 14:51:43.343,e3:ca:2d:fd:e0:8c, 2015-01-01 03:03:20.335, 0.856, -0.157, -0.526, 0, -0.061, 0, -163.438, -57.365, -47.878, -27.533, -8.727, 7.153, 29.14, -0.07739, -0.82135, 0.28925, -0.48538,
 14:51:43.343,e3:ca:2d:fd:e0:8c, 2015-01-01 03:03:20.335, 0.856, -0.156, -0.525, 0, 0, 0, -163.438, -57.365, -47.873, -27.533, -8.727, 7.153, 29.14, -0.07739, -0.82135, 0.28925, -0.48538,
 14:51:43.365,f6:90:cc:01:6d:25, 2015-01-01 03:03:20.955, 0.829, -0.014, -0.536, 0.061, -0.183, 0, -178.347, -57.228, -12.426, -26.887, -13.753, 14.107, 31.54, 0.03922, 0.87326, -0.08813, 0.47748,
 14:51:43.365,f6:90:cc:01:6d:25, 2015-01-01 03:03:20.955, 0.829, -0.014, -0.535, 0, -0.122, 0, -178.347, -57.222, -12.426, -26.887, -13.753, 14.107, 31.54, 0.03922, 0.87326, -0.08813, 0.47748,
 14:51:43.366,ed:35:33:d3:6c:f8, 2015-01-01 03:03:20.655, 0.94, -0.03, 0.316, 0.61, -0.488, 0.183, -5.262, -71.164, 159.774, -23.580, -10.380, -13.053, 31.94, 0.16901, 0.56549, -0.13861, 0.7952,
 14:51:43.366,ed:35:33:d3:6c:f8, 2015-01-01 03:03:20.655, 0.941, -0.027, 0.317, 0.427, -0.061, 0.305, -5.262, -71.169, 159.774, -23.580, -10.380, -13.053, 31.94, 0.16901, 0.56549, -0.13861, 0.7952,
 14:51:43.385,ed:40:fe:65:30:6c, 2015-01-01 03:03:25.665, 0.977, -0.033, 0.236, 0, 0.61, 0.488, -8.251, -76.218, -113.231, -27.767, -9.353, 10.853, 28.5, -0.39456, 0.54523, 0.2915, 0.67969,
 14:51:43.385,ed:40:fe:65:30:6c, 2015-01-01 03:03:25.665, 0.976, -0.033, 0.235, 0.122, 0.793, 0.427, -8.267, -76.201, -113.203, -27.767, -9.353, 10.853, 28.5, -0.39456, 0.54523, 0.2915, 0.67969,
 14:51:43.386,e3:ca:2d:fd:e0:8c, 2015-01-01 03:03:20.690, 0.857, -0.156, -0.526, 0, -0.122, 0, -163.438, -57.365, -47.862, -27.533, -8.727, 7.153, 29.14, -0.07739, -0.82135, 0.28925, -0.48538,
 14:51:43.386,e3:ca:2d:fd:e0:8c, 2015-01-01 03:03:20.690, 0.857, -0.156, -0.526, 0, -0.061, 0, -163.438, -57.365, -47.856, -27.533, -8.727, 7.153, 29.14, -0.07739, -0.82135, 0.28925, -0.48538,
 14:51:43.387,f6:90:cc:01:6d:25, 2015-01-01 03:03:20.955, 0.83, -0.014, -0.536, 0, -0.122, 0, -178.347, -57.222, -12.426, -26.887, -13.753, 14.107, 31.54, 0.03922, 0.87326, -0.08813, 0.47748,
 14:51:43.387,f6:90:cc:01:6d:25, 2015-01-01 03:03:20.955, 0.83, -0.014, -0.537, 0.122, -0.061, 0, -178.347, -57.217, -12.426, -26.887, -13.753, 14.107, 31.54, 0.03922, 0.87326, -0.08813, 0.47748,
 14:51:43.408,ed:40:fe:65:30:6c, 2015-01-01 03:03:26.000, 0.977, -0.033, 0.237, 0.183, 0.854, 0.427, -8.284, -76.185, -113.192, -27.767, -9.353, 10.853, 28.5, -0.39456, 0.54523, 0.2915, 0.67969,
 14:51:43.408,ed:40:fe:65:30:6c, 2015-01-01 03:03:26.000, 0.979, -0.033, 0.238, 0.244, 0.977, 0.488, -8.3, -76.168, -113.17, -27.767, -9.353, 10.853, 28.5, -0.39456, 0.54523, 0.2915, 0.67969,
 14:51:43.409,f6:90:cc:01:6d:25, 2015-01-01 03:03:20.955, 0.83, -0.014, -0.538, 0.122, 0, 0, -178.347, -57.217, -12.426, -26.887, -13.753, 14.107, 31.54, 0.03922, 0.87326, -0.08813, 0.47748,
 14:51:43.409,f6:90:cc:01:6d:25, 2015-01-01 03:03:20.955, 0.83, -0.014, -0.538, 0, 0, 0, -178.347, -57.217, -12.426, -26.887, -13.753, 14.107, 31.54, 0.03922, 0.87326, -0.08813, 0.47748,
 14:51:43.410,ed:35:33:d3:6c:f8, 2015-01-01 03:03:20.970, 0.944, -0.028, 0.32, 0.061, -0.244, 0.61, -5.273, -71.175, 159.829, -23.580, -10.380, -13.053, 31.94, 0.16901, 0.56549, -0.13861, 0.7952,
 14:51:43.410,ed:35:33:d3:6c:f8, 2015-01-01 03:03:20.970, 0.95, -0.029, 0.318, -0.671, -0.488, 0.671, -5.312, -71.18, 159.901, -23.580, -10.380, -13.053, 31.94, 0.16901, 0.56549, -0.13861, 0.7952,
 14:51:43.431,ed:40:fe:65:30:6c, 2015-01-01 03:03:26.000, 0.982, -0.034, 0.238, 0.122, 0.61, 0.427, -8.317, -76.152, -113.137, -27.767, -9.353, 10.853, 28.5, -0.39456, 0.54523, 0.2915, 0.67969,
 14:51:43.431,ed:40:fe:65:30:6c, 2015-01-01 03:03:26.000, 0.981, -0.035, 0.235, 0, 0.183, 0.366, -8.339, -76.146, -113.104, -27.767, -9.353, 10.853, 28.5, -0.39456, 0.54523, 0.2915, 0.67969,
 14:51:43.431,e3:ca:2d:fd:e0:8c, 2015-01-01 03:03:20.690, 0.857, -0.156, -0.526, 0, 0, 0, -163.438, -57.36, -47.845, -27.533, -8.727, 7.153, 29.14, -0.07739, -0.82135, 0.28925, -0.48538,
 14:51:43.431,e3:ca:2d:fd:e0:8c, 2015-01-01 03:03:20.690, 0.858, -0.156, -0.527, 0, 0.122, 0, -163.438, -57.36, -47.84, -27.533, -8.727, 7.153, 29.14, -0.07739, -0.82135, 0.28925, -0.48538,
 14:51:43.457,ed:35:33:d3:6c:f8, 2015-01-01 03:03:20.970, 0.946, -0.032, 0.315, -0.854, -0.244, 0.488, -5.361, -71.186, 159.977, -23.580, -10.380, -13.053, 31.94, 0.16901, 0.56549, -0.13861, 0.7952,
 14:51:43.457,ed:35:33:d3:6c:f8, 2015-01-01 03:03:20.970, 0.937, -0.031, 0.315, -0.488, -0.122, 0.183, -5.4, -71.191, 160.021, -23.580, -10.380, -13.053, 31.94, 0.16901, 0.56549, -0.13861, 0.7952,
 14:51:43.457,f6:90:cc:01:6d:25, 2015-01-01 03:03:20.955, 0.829, -0.015, -0.537, -0.061, 0, 0, -178.347, -57.217, -12.426, -26.887, -13.753, 14.107, 31.54, 0.03922, 0.87326, -0.08813, 0.47748,
 14:51:43.457,f6:90:cc:01:6d:25, 2015-01-01 03:03:20.955, 0.829, -0.015, -0.536, 0, 0.061, 0, -178.352, -57.211, -12.426, -26.887, -13.753, 14.107, 31.54, 0.03922, 0.87326, -0.08813, 0.47748,
 14:51:43.474,ed:40:fe:65:30:6c, 2015-01-01 03:03:26.000, 0.975, -0.034, 0.235, 0, -0.183, 0.305, -8.361, -76.146, -113.071, -27.767, -9.353, 10.853, 28.5, -0.39456, 0.54523, 0.2915, 0.67969,
 14:51:43.474,ed:40:fe:65:30:6c, 2015-01-01 03:03:26.000, 0.972, -0.035, 0.238, 0, -0.122, 0.244, -8.377, -76.152, -113.049, -27.767, -9.353, 10.853, 28.5, -0.39456, 0.54523, 0.2915, 0.67969,
 14:51:43.475,e3:ca:2d:fd:e0:8c, 2015-01-01 03:03:20.690, 0.856, -0.156, -0.526, 0, 0.122, 0, -163.438, -57.365, -47.834, -27.533, -8.727, 7.153, 29.14, -0.07739, -0.82135, 0.28925, -0.48538,
 14:51:43.475,e3:ca:2d:fd:e0:8c, 2015-01-01 03:03:20.690, 0.855, -0.157, -0.525, -0.061, 0.061, 0, -163.438, -57.365, -47.823, -27.533, -8.727, 7.153, 29.14, -0.07739, -0.82135, 0.28925, -0.48538,
 14:51:43.499,e3:ca:2d:fd:e0:8c, 2015-01-01 03:03:20.690, 0.855, -0.158, -0.526, -0.061, 0.122, 0, -163.438, -57.365, -47.818, -27.533, -8.727, 7.153, 29.14, -0.07739, -0.82135, 0.28925, -0.48538,
 14:51:43.499,e3:ca:2d:fd:e0:8c, 2015-01-01 03:03:20.690, 0.855, -0.157, -0.525, 0.061, 0.122, 0, -163.438, -57.371, -47.812, -27.533, -8.727, 7.153, 29.14, -0.07739, -0.82135, 0.28925, -0.48538,
 14:51:43.501,f6:90:cc:01:6d:25, 2015-01-01 03:03:20.955, 0.829, -0.016, -0.535, 0.122, 0.122, 0, -178.352, -57.211, -12.426, -26.887, -13.753, 14.107, 31.54, 0.03922, 0.87326, -0.08813, 0.47748,
 14:51:43.501,f6:90:cc:01:6d:25, 2015-01-01 03:03:20.955, 0.83, -0.016, -0.535, 0.183, 0.122, 0, -178.347, -57.217, -12.426, -26.887, -13.753, 14.107, 31.54, 0.03922, 0.87326, -0.08813, 0.47748,
 14:51:43.501,ed:35:33:d3:6c:f8, 2015-01-01 03:03:20.970, 0.937, -0.031, 0.318, -0.366, -0.061, 0.122, -5.416, -71.191, 160.054, -23.580, -10.380, -13.053, 31.94, 0.16901, 0.56549, -0.13861, 0.7952,
 14:51:43.501,ed:35:33:d3:6c:f8, 2015-01-01 03:03:20.970, 0.944, -0.033, 0.319, -0.122, -0.122, 0.305, -5.433, -71.197, 160.065, -23.580, -10.380, -13.053, 31.94, 0.16901, 0.56549, -0.13861, 0.7952,
 14:51:43.521,ed:40:fe:65:30:6c, 2015-01-01 03:03:26.000, 0.975, -0.036, 0.241, 0.244, 0.305, 0.244, -8.388, -76.146, -113.044, -27.767, -9.353, 10.853, 28.5, -0.39456, 0.54523, 0.2915, 0.67969,
 14:51:43.521,ed:40:fe:65:30:6c, 2015-01-01 03:03:26.000, 0.978, -0.036, 0.239, 0.305, 0.549, 0.183, -8.388, -76.135, -113.038, -27.767, -9.353, 10.853, 28.5, -0.39456, 0.54523, 0.2915, 0.67969,
 14:51:43.525,ed:35:33:d3:6c:f8, 2015-01-01 03:03:20.970, 0.944, -0.033, 0.318, -0.366, -0.122, 0.244, -5.455, -71.197, 160.12, -23.580, -10.380, -13.053, 31.94, 0.16901, 0.56549, -0.13861, 0.7952,
 14:51:43.525,ed:35:33:d3:6c:f8, 2015-01-01 03:03:20.970, 0.938, -0.032, 0.316, -0.427, 0.183, 0, -5.477, -71.197, 160.175, -23.580, -10.380, -13.053, 31.94, 0.16901, 0.56549, -0.13861, 0.7952,
 14:51:43.566,e3:ca:2d:fd:e0:8c, 2015-01-01 03:03:20.690, 0.856, -0.158, -0.526, 0.122, 0.061, 0, -163.433, -57.371, -47.807, -27.533, -8.727, 7.153, 29.14, -0.07739, -0.82135, 0.28925, -0.48538,
 14:51:43.566,e3:ca:2d:fd:e0:8c, 2015-01-01 03:03:20.690, 0.856, -0.157, -0.525, 0.061, 0, 0, -163.433, -57.371, -47.802, -27.533, -8.727, 7.153, 29.14, -0.07739, -0.82135, 0.28925, -0.48538,
 14:51:43.567,f6:90:cc:01:6d:25, 2015-01-01 03:03:20.955, 0.829, -0.016, -0.535, 0.122, 0.061, 0, -178.347, -57.217, -12.426, -26.633, -13.513, 14.253, 31.54, 0.03922, 0.87326, -0.08813, 0.47748,
 14:51:43.567,f6:90:cc:01:6d:25, 2015-01-01 03:03:20.955, 0.829, -0.015, -0.534, 0, 0.061, 0, -178.347, -57.217, -12.426, -26.633, -13.513, 14.253, 31.54, 0.03922, 0.87326, -0.08813, 0.47748,
 14:51:43.569,ed:35:33:d3:6c:f8, 2015-01-01 03:03:20.970, 0.936, -0.031, 0.318, -0.061, 0.305, -0.061, -5.482, -71.197, 160.214, -23.580, -10.380, -13.053, 31.94, 0.16901, 0.56549, -0.13861, 0.7952,
 14:51:43.569,ed:35:33:d3:6c:f8, 2015-01-01 03:03:20.970, 0.941, -0.03, 0.319, -0.183, 0.305, 0.061, -5.482, -71.191, 160.23, -23.580, -10.380, -13.053, 31.94, 0.16901, 0.56549, -0.13861, 0.7952,
 14:51:43.587,ed:40:fe:65:30:6c, 2015-01-01 03:03:26.000, 0.975, -0.035, 0.238, 0.122, 0.244, 0.061, -8.388, -76.13, -113.038, -27.767, -9.353, 10.853, 28.5, -0.39456, 0.54523, 0.2915, 0.67969,
 14:51:43.587,ed:40:fe:65:30:6c, 2015-01-01 03:03:26.000, 0.971, -0.034, 0.239, 0.122, 0.122, 0.061, -8.388, -76.124, -113.038, -27.767, -9.353, 10.853, 28.5, -0.39456, 0.54523, 0.2915, 0.67969,
 14:51:43.589,e3:ca:2d:fd:e0:8c, 2015-01-01 03:03:20.690, 0.856, -0.157, -0.525, 0, -0.061, 0, -163.433, -57.371, -47.791, -27.680, -8.533, 5.733, 29.14, -0.07739, -0.82135, 0.28925, -0.48538,
 14:51:43.589,e3:ca:2d:fd:e0:8c, 2015-01-01 03:03:20.690, 0.856, -0.157, -0.525, 0, 0, 0, -163.433, -57.371, -47.785, -27.680, -8.533, 5.733, 29.14, -0.07739, -0.82135, 0.28925, -0.48538,
 14:51:43.591,f6:90:cc:01:6d:25, 2015-01-01 03:03:20.955, 0.83, -0.015, -0.534, 0, 0.061, 0, -178.347, -57.217, -12.426, -26.633, -13.513, 14.253, 31.54, 0.03922, 0.87335, -0.08813, 0.47733,
 14:51:43.591,f6:90:cc:01:6d:25, 2015-01-01 03:03:20.955, 0.83, -0.016, -0.535, -0.061, 0, 0, -178.347, -57.217, -12.426, -26.633, -13.513, 14.253, 31.54, 0.03922, 0.87335, -0.08813, 0.47733,
 14:51:43.612,ed:40:fe:65:30:6c, 2015-01-01 03:03:26.000, 0.975, -0.036, 0.241, 0.183, 0.427, 0.061, -8.383, -76.119, -113.055, -28.140, -8.973, 9.480, 28.5, -0.39456, 0.54523, 0.2915, 0.67969,
 14:51:43.612,ed:40:fe:65:30:6c, 2015-01-01 03:03:26.000, 0.977, -0.035, 0.241, 0.427, 0.732, 0.183, -8.377, -76.102, -113.044, -28.140, -8.973, 9.480, 28.5, -0.39456, 0.54523, 0.2915, 0.67969,
 14:51:43.613,ed:35:33:d3:6c:f8, 2015-01-01 03:03:20.970, 0.943, -0.032, 0.32, 0, 0.183, 0.427, -5.493, -71.186, 160.236, -23.840, -10.240, -12.900, 31.94, 0.16901, 0.56549, -0.13861, 0.7952,
 14:51:43.613,ed:35:33:d3:6c:f8, 2015-01-01 03:03:20.970, 0.943, -0.033, 0.318, -0.061, 0.122, 0.183, -5.515, -71.18, 160.28, -23.840, -10.240, -12.900, 31.94, 0.16901, 0.56549, -0.13861, 0.7952,
 14:51:43.633,e3:ca:2d:fd:e0:8c, 2015-01-01 03:03:20.690, 0.857, -0.158, -0.525, 0, -0.061, 0, -163.427, -57.371, -47.78, -27.680, -8.533, 5.733, 29.14, -0.07739, -0.82135, 0.28925, -0.48538,
 14:51:43.633,e3:ca:2d:fd:e0:8c, 2015-01-01 03:03:20.690, 0.857, -0.157, -0.526, 0, -0.061, 0, -163.427, -57.371, -47.769, -27.680, -8.533, 5.733, 29.14, -0.07739, -0.82135, 0.28925, -0.48538,
 14:51:43.634,f6:90:cc:01:6d:25, 2015-01-01 03:03:20.955, 0.829, -0.016, -0.536, 0, 0, 0, -178.347, -57.217, -12.426, -26.633, -13.513, 14.253, 31.54, 0.03922, 0.87335, -0.08813, 0.47733,
 14:51:43.634,f6:90:cc:01:6d:25, 2015-01-01 03:03:20.955, 0.83, -0.014, -0.535, 0, 0, 0, -178.347, -57.217, -12.426, -26.633, -13.513, 14.253, 31.54, 0.03922, 0.87335, -0.08813, 0.47733,
 14:51:43.655,ed:40:fe:65:30:6c, 2015-01-01 03:03:26.000, 0.977, -0.036, 0.24, 0.488, 0.488, 0.183, -8.377, -76.091, -113.033, -28.140, -8.973, 9.480, 28.5, -0.39456, 0.54523, 0.2915, 0.67969,
 14:51:43.655,ed:40:fe:65:30:6c, 2015-01-01 03:03:26.000, 0.978, -0.034, 0.239, 0.244, 0.305, 0, -8.366, -76.086, -113.033, -28.140, -8.973, 9.480, 28.5, -0.39456, 0.54523, 0.2915, 0.67969,
 14:51:43.656,e3:ca:2d:fd:e0:8c, 2015-01-01 03:03:20.690, 0.856, -0.156, -0.524, 0, 0, 0, -163.427, -57.365, -47.763, -27.680, -8.533, 5.733, 29.14, -0.07675, -0.82172, 0.28827, -0.48547,
 14:51:43.656,e3:ca:2d:fd:e0:8c, 2015-01-01 03:03:20.690, 0.855, -0.156, -0.525, 0, 0, 0, -163.427, -57.365, -47.758, -27.680, -8.533, 5.733, 29.14, -0.07675, -0.82172, 0.28827, -0.48547,
 14:51:43.658,f6:90:cc:01:6d:25, 2015-01-01 03:03:21.310, 0.829, -0.014, -0.535, 0.122, 0, 0, -178.347, -57.211, -12.426, -26.633, -13.513, 14.253, 31.54, 0.03922, 0.87335, -0.08813, 0.47733,
 14:51:43.658,f6:90:cc:01:6d:25, 2015-01-01 03:03:21.310, 0.83, -0.016, -0.536, 0.183, 0, 0, -178.341, -57.211, -12.426, -26.633, -13.513, 14.253, 31.54, 0.03922, 0.87335, -0.08813, 0.47733,
 14:51:43.659,ed:35:33:d3:6c:f8, 2015-01-01 03:03:20.970, 0.943, -0.03, 0.318, -0.366, 0.183, -0.244, -5.521, -71.18, 160.323, -23.840, -10.240, -12.900, 31.94, 0.16638, 0.56604, -0.13791, 0.79547,
 14:51:43.659,ed:35:33:d3:6c:f8, 2015-01-01 03:03:20.970, 0.935, -0.031, 0.319, -0.366, 0.305, -0.366, -5.515, -71.175, 160.345, -23.840, -10.240, -12.900, 31.94, 0.16638, 0.56604, -0.13791, 0.79547,
 14:51:43.677,ed:40:fe:65:30:6c, 2015-01-01 03:03:26.000, 0.974, -0.034, 0.24, 0.061, 0.183, -0.122, -8.35, -76.08, -113.044, -28.140, -8.973, 9.480, 28.5, -0.39581, 0.54428, 0.29114, 0.67987,
 14:51:43.677,ed:40:fe:65:30:6c, 2015-01-01 03:03:26.000, 0.973, -0.036, 0.241, 0.122, 0, -0.061, -8.344, -76.08, -113.055, -28.140, -8.973, 9.480, 28.5, -0.39581, 0.54428, 0.29114, 0.67987,
 14:51:43.681,ed:35:33:d3:6c:f8, 2015-01-01 03:03:21.285, 0.941, -0.031, 0.318, -0.366, 0, -0.122, -5.504, -71.175, 160.362, -23.840, -10.240, -12.900, 31.94, 0.16638, 0.56604, -0.13791, 0.79547,
 14:51:43.681,ed:35:33:d3:6c:f8, 2015-01-01 03:03:21.285, 0.948, -0.03, 0.318, -0.488, -0.122, 0, -5.51, -71.175, 160.378, -23.840, -10.240, -12.900, 31.94, 0.16638, 0.56604, -0.13791, 0.79547,
 14:51:43.723,ed:40:fe:65:30:6c, 2015-01-01 03:03:26.000, 0.979, -0.034, 0.241, 0.183, 0.427, -0.061, -8.328, -76.075, -113.066, -28.140, -8.973, 9.480, 28.5, -0.39581, 0.54428, 0.29114, 0.67987,
 14:51:43.723,ed:40:fe:65:30:6c, 2015-01-01 03:03:26.000, 0.979, -0.032, 0.24, 0.061, 0.366, -0.244, -8.3, -76.064, -113.099, -28.140, -8.973, 9.480, 28.5, -0.39581, 0.54428, 0.29114, 0.67987,
 14:51:43.723,e3:ca:2d:fd:e0:8c, 2015-01-01 03:03:20.690, 0.856, -0.156, -0.525, -0.061, 0, 0, -163.427, -57.365, -47.752, -27.680, -8.533, 5.733, 29.14, -0.07675, -0.82172, 0.28827, -0.48547,
 14:51:43.723,e3:ca:2d:fd:e0:8c, 2015-01-01 03:03:20.690, 0.858, -0.157, -0.526, -0.183, 0.122, 0, -163.427, -57.365, -47.741, -27.680, -8.533, 5.733, 29.14, -0.07675, -0.82172, 0.28827, -0.48547,
 14:51:43.727,f6:90:cc:01:6d:25, 2015-01-01 03:03:21.310, 0.83, -0.015, -0.536, -0.061, 0.061, 0, -178.341, -57.211, -12.426, -26.633, -13.513, 14.253, 31.54, 0.03922, 0.87335, -0.08813, 0.47733,
 14:51:43.727,f6:90:cc:01:6d:25, 2015-01-01 03:03:21.310, 0.829, -0.013, -0.536, -0.061, 0.122, 0, -178.341, -57.211, -12.426, -26.633, -13.513, 14.253, 31.54, 0.03922, 0.87335, -0.08813, 0.47733,
 14:51:43.727,ed:35:33:d3:6c:f8, 2015-01-01 03:03:21.285, 0.941, -0.032, 0.319, 0, 0.244, -0.488, -5.51, -71.175, 160.406, -23.840, -10.240, -12.900, 31.94, 0.16638, 0.56604, -0.13791, 0.79547,
 14:51:43.727,ed:35:33:d3:6c:f8, 2015-01-01 03:03:21.285, 0.936, -0.03, 0.319, 0.183, 0.549, -0.793, -5.477, -71.169, 160.395, -23.840, -10.240, -12.900, 31.94, 0.16638, 0.56604, -0.13791, 0.79547,
 14:51:43.747,e3:ca:2d:fd:e0:8c, 2015-01-01 03:03:21.050, 0.857, -0.156, -0.527, -0.183, 0.061, 0, -163.427, -57.371, -47.736, -27.680, -8.533, 5.733, 29.14, -0.07675, -0.82172, 0.28827, -0.48547,
 14:51:43.747,e3:ca:2d:fd:e0:8c, 2015-01-01 03:03:21.050, 0.856, -0.156, -0.528, -0.061, 0, 0, -163.433, -57.371, -47.73, -27.680, -8.533, 5.733, 29.14, -0.07675, -0.82172, 0.28827, -0.48547,
 14:51:43.748,f6:90:cc:01:6d:25, 2015-01-01 03:03:21.310, 0.83, -0.014, -0.535, 0, 0.061, 0, -178.341, -57.217, -12.426, -26.633, -13.513, 14.253, 31.54, 0.03922, 0.87335, -0.08813, 0.47733,
 14:51:43.748,f6:90:cc:01:6d:25, 2015-01-01 03:03:21.310, 0.83, -0.015, -0.536, -0.122, 0, 0, -178.347, -57.217, -12.426, -26.633, -13.513, 14.253, 31.54, 0.03922, 0.87335, -0.08813, 0.47733,
 14:51:43.768,ed:40:fe:65:30:6c, 2015-01-01 03:03:26.335, 0.973, -0.034, 0.24, -0.061, -0.305, -0.366, -8.278, -76.075, -113.121, -28.140, -8.973, 9.480, 28.5, -0.39581, 0.54428, 0.29114, 0.67987,
 14:51:43.768,ed:40:fe:65:30:6c, 2015-01-01 03:03:26.335, 0.974, -0.034, 0.241, 0, -0.305, -0.305, -8.256, -76.08, -113.143, -28.140, -8.973, 9.480, 28.5, -0.39581, 0.54428, 0.29114, 0.67987,
 14:51:43.770,f6:90:cc:01:6d:25, 2015-01-01 03:03:21.310, 0.829, -0.015, -0.537, -0.183, 0, 0, -178.352, -57.211, -12.426, -26.633, -13.513, 14.253, 31.54, 0.03922, 0.87335, -0.08813, 0.47733,
 14:51:43.770,f6:90:cc:01:6d:25, 2015-01-01 03:03:21.310, 0.829, -0.014, -0.535, -0.122, 0, 0, -178.352, -57.211, -12.426, -26.633, -13.513, 14.253, 31.54, 0.03922, 0.87335, -0.08813, 0.47733,
 14:51:43.771,ed:35:33:d3:6c:f8, 2015-01-01 03:03:21.285, 0.941, -0.027, 0.319, 0.305, 0.488, -0.305, -5.433, -71.164, 160.378, -23.840, -10.240, -12.900, 31.94, 0.16638, 0.56604, -0.13791, 0.79547,
 14:51:43.771,ed:35:33:d3:6c:f8, 2015-01-01 03:03:21.285, 0.939, -0.028, 0.321, 0, 0.122, -0.183, -5.411, -71.153, 160.362, -23.840, -10.240, -12.900, 31.94, 0.16638, 0.56604, -0.13791, 0.79547,
 14:51:43.790,ed:40:fe:65:30:6c, 2015-01-01 03:03:26.335, 0.976, -0.032, 0.24, 0.061, 0.122, -0.061, -8.245, -76.075, -113.137, -28.140, -8.973, 9.480, 28.5, -0.39581, 0.54428, 0.29114, 0.67987,
 14:51:43.790,ed:40:fe:65:30:6c, 2015-01-01 03:03:26.335, 0.974, -0.032, 0.242, -0.122, -0.183, -0.061, -8.24, -76.08, -113.126, -28.140, -8.973, 9.480, 28.5, -0.39581, 0.54428, 0.29114, 0.67987,
 14:51:43.791,e3:ca:2d:fd:e0:8c, 2015-01-01 03:03:21.050, 0.856, -0.157, -0.527, 0, 0, 0, -163.433, -57.371, -47.725, -27.680, -8.533, 5.733, 29.14, -0.07675, -0.82172, 0.28827, -0.48547,
 14:51:43.791,e3:ca:2d:fd:e0:8c, 2015-01-01 03:03:21.050, 0.855, -0.157, -0.526, 0, 0, 0, -163.433, -57.371, -47.719, -27.680, -8.533, 5.733, 29.14, -0.07675, -0.82172, 0.28827, -0.48547,
 14:51:43.815,ed:35:33:d3:6c:f8, 2015-01-01 03:03:21.285, 0.936, -0.028, 0.321, -0.366, 0.061, -0.427, -5.394, -71.153, 160.362, -23.840, -10.240, -12.900, 31.94, 0.16638, 0.56604, -0.13791, 0.79547,
 14:51:43.815,ed:35:33:d3:6c:f8, 2015-01-01 03:03:21.285, 0.935, -0.029, 0.32, 0.061, 0.061, -0.244, -5.378, -71.153, 160.395, -23.840, -10.240, -12.900, 31.94, 0.16638, 0.56604, -0.13791, 0.79547,
 14:51:43.815,f6:90:cc:01:6d:25, 2015-01-01 03:03:21.310, 0.829, -0.014, -0.535, 0, 0.061, 0, -178.358, -57.211, -12.426, -26.633, -13.513, 14.253, 31.54, 0.03922, 0.87335, -0.08813, 0.47733,
 14:51:43.815,f6:90:cc:01:6d:25, 2015-01-01 03:03:21.310, 0.83, -0.014, -0.534, 0.122, 0, 0, -178.358, -57.211, -12.426, -26.633, -13.513, 14.253, 31.54, 0.03922, 0.87335, -0.08813, 0.47733,
 14:51:43.858,ed:40:fe:65:30:6c, 2015-01-01 03:03:26.335, 0.97, -0.032, 0.242, 0, -0.305, -0.122, -8.229, -76.086, -113.132, -28.140, -8.973, 9.480, 28.5, -0.39581, 0.54428, 0.29114, 0.67987,
 14:51:43.858,ed:40:fe:65:30:6c, 2015-01-01 03:03:26.335, 0.973, -0.033, 0.244, 0.122, -0.122, -0.122, -8.212, -76.086, -113.137, -28.140, -8.973, 9.480, 28.5, -0.39581, 0.54428, 0.29114, 0.67987,
 14:51:43.859,e3:ca:2d:fd:e0:8c, 2015-01-01 03:03:21.050, 0.856, -0.156, -0.526, -0.122, 0.061, 0, -163.433, -57.371, -47.714, -27.680, -8.533, 5.733, 29.14, -0.07675, -0.82172, 0.28827, -0.48547,
 14:51:43.859,e3:ca:2d:fd:e0:8c, 2015-01-01 03:03:21.050, 0.856, -0.155, -0.526, 0, 0, 0, -163.433, -57.371, -47.708, -27.680, -8.533, 5.733, 29.14, -0.07675, -0.82172, 0.28827, -0.48547,
 14:51:43.861,ed:35:33:d3:6c:f8, 2015-01-01 03:03:21.285, 0.939, -0.028, 0.321, -0.061, -0.122, -0.061, -5.367, -71.153, 160.422, -23.840, -10.240, -12.900, 31.94, 0.16638, 0.56604, -0.13791, 0.79547,
 14:51:43.861,ed:35:33:d3:6c:f8, 2015-01-01 03:03:21.285, 0.943, -0.029, 0.319, -0.305, -0.122, 0, -5.361, -71.153, 160.45, -23.840, -10.240, -12.900, 31.94, 0.16638, 0.56604, -0.13791, 0.79547,
 14:51:43.880,ed:40:fe:65:30:6c, 2015-01-01 03:03:26.335, 0.976, -0.033, 0.241, 0, 0.061, -0.122, -8.201, -76.08, -113.148, -28.140, -8.973, 9.480, 28.5, -0.39581, 0.54428, 0.29114, 0.67987,
 14:51:43.880,ed:40:fe:65:30:6c, 2015-01-01 03:03:26.335, 0.976, -0.033, 0.24, 0, 0.122, 0, -8.196, -76.08, -113.148, -28.140, -8.973, 9.480, 28.5, -0.39581, 0.54428, 0.29114, 0.67987,
 14:51:43.880,e3:ca:2d:fd:e0:8c, 2015-01-01 03:03:21.050, 0.856, -0.156, -0.525, 0.122, -0.061, 0, -163.433, -57.371, -47.703, -27.680, -8.533, 5.733, 29.14, -0.07675, -0.82172, 0.28827, -0.48547,
 14:51:43.880,e3:ca:2d:fd:e0:8c, 2015-01-01 03:03:21.050, 0.857, -0.157, -0.525, 0, -0.122, 0, -163.433, -57.365, -47.692, -27.680, -8.533, 5.733, 29.14, -0.07675, -0.82172, 0.28827, -0.48547,
 14:51:43.883,f6:90:cc:01:6d:25, 2015-01-01 03:03:21.310, 0.83, -0.015, -0.533, 0.061, 0, 0, -178.352, -57.211, -12.426, -26.633, -13.513, 14.253, 31.54, 0.03922, 0.87335, -0.08813, 0.47733,
 14:51:43.883,f6:90:cc:01:6d:25, 2015-01-01 03:03:21.310, 0.83, -0.015, -0.535, 0, 0, 0, -178.358, -57.211, -12.426, -26.633, -13.513, 14.253, 31.54, 0.03922, 0.87335, -0.08813, 0.47733,
 14:51:43.885,ed:35:33:d3:6c:f8, 2015-01-01 03:03:21.285, 0.942, -0.028, 0.317, -0.427, -0.122, 0, -5.367, -71.158, 160.477, -23.527, -9.853, -12.587, 31.94, 0.16638, 0.56604, -0.13791, 0.79547,
 14:51:43.885,ed:35:33:d3:6c:f8, 2015-01-01 03:03:21.285, 0.942, -0.028, 0.316, -0.305, 0, -0.183, -5.372, -71.158, 160.505, -23.527, -9.853, -12.587, 31.94, 0.16638, 0.56604, -0.13791, 0.79547,
 14:51:43.904,e3:ca:2d:fd:e0:8c, 2015-01-01 03:03:21.050, 0.856, -0.157, -0.525, 0, -0.122, 0, -163.433, -57.365, -47.686, -27.680, -8.533, 5.733, 29.14, -0.07675, -0.82172, 0.28827, -0.48547,
 14:51:43.904,e3:ca:2d:fd:e0:8c, 2015-01-01 03:03:21.050, 0.855, -0.156, -0.525, 0.061, -0.122, 0, -163.433, -57.36, -47.681, -27.680, -8.533, 5.733, 29.14, -0.07675, -0.82172, 0.28827, -0.48547,
 14:51:43.906,f6:90:cc:01:6d:25, 2015-01-01 03:03:21.310, 0.83, -0.014, -0.534, 0.061, 0, 0, -178.358, -57.211, -12.426, -27.093, -13.567, 14.067, 31.54, 0.03922, 0.87335, -0.08813, 0.47733,
 14:51:43.906,f6:90:cc:01:6d:25, 2015-01-01 03:03:21.310, 0.829, -0.014, -0.534, 0.061, 0, 0, -178.358, -57.211, -12.426, -27.093, -13.567, 14.067, 31.54, 0.03922, 0.87335, -0.08813, 0.47733,
 14:51:43.928,ed:35:33:d3:6c:f8, 2015-01-01 03:03:21.285, 0.938, -0.031, 0.316, 0.488, 0.244, -0.061, -5.361, -71.158, 160.516, -23.527, -9.853, -12.587, 31.94, 0.16638, 0.56604, -0.13791, 0.79547,
 14:51:43.928,ed:35:33:d3:6c:f8, 2015-01-01 03:03:21.285, 0.938, -0.031, 0.322, 0.793, 0.183, 0.061, -5.35, -71.153, 160.543, -23.527, -9.853, -12.587, 31.94, 0.16638, 0.56604, -0.13791, 0.79547,
 14:51:43.952,ed:40:fe:65:30:6c, 2015-01-01 03:03:26.335, 0.976, -0.031, 0.239, -0.061, 0.122, 0.061, -8.196, -76.075, -113.148, -28.140, -8.973, 9.480, 28.5, -0.39581, 0.54428, 0.29114, 0.67987,
 14:51:43.952,ed:40:fe:65:30:6c, 2015-01-01 03:03:26.335, 0.976, -0.033, 0.238, 0, 0.244, 0.122, -8.196, -76.069, -113.143, -28.140, -8.973, 9.480, 28.5, -0.39581, 0.54428, 0.29114, 0.67987,
 14:51:43.952,e3:ca:2d:fd:e0:8c, 2015-01-01 03:03:21.050, 0.856, -0.156, -0.525, 0.061, -0.122, 0, -163.433, -57.36, -47.675, -27.680, -8.533, 5.733, 29.14, -0.07675, -0.82172, 0.28827, -0.48547,
 14:51:43.953,e3:ca:2d:fd:e0:8c, 2015-01-01 03:03:21.050, 0.856, -0.157, -0.525, 0, 0, 0, -163.433, -57.36, -47.664, -27.680, -8.533, 5.733, 29.14, -0.07675, -0.82172, 0.28827, -0.48547,
 14:51:43.971,ed:40:fe:65:30:6c, 2015-01-01 03:03:26.335, 0.975, -0.034, 0.241, 0.305, 0.305, 0.061, -8.185, -76.064, -113.148, -27.927, -9.400, 10.433, 28.5, -0.39581, 0.54428, 0.29114, 0.67987,
 14:51:43.971,ed:40:fe:65:30:6c, 2015-01-01 03:03:26.335, 0.975, -0.035, 0.241, 0.366, 0.122, 0, -8.174, -76.058, -113.154, -27.927, -9.400, 10.433, 28.5, -0.39581, 0.54428, 0.29114, 0.67987,
 14:51:43.973,f6:90:cc:01:6d:25, 2015-01-01 03:03:21.310, 0.829, -0.014, -0.535, 0.061, 0, 0, -178.358, -57.211, -12.426, -27.093, -13.567, 14.067, 31.54, 0.03922, 0.87335, -0.08813, 0.47733,
 14:51:43.973,f6:90:cc:01:6d:25, 2015-01-01 03:03:21.310, 0.829, -0.015, -0.536, 0, 0, 0, -178.358, -57.211, -12.426, -27.093, -13.567, 14.067, 31.54, 0.03922, 0.87335, -0.08813, 0.47733,
 14:51:43.974,ed:35:33:d3:6c:f8, 2015-01-01 03:03:21.285, 0.942, -0.03, 0.32, 0.122, 0, 0.366, -5.345, -71.153, 160.576, -23.527, -9.853, -12.587, 31.94, 0.16418, 0.56635, -0.13574, 0.79608,
 14:51:43.974,ed:35:33:d3:6c:f8, 2015-01-01 03:03:21.285, 0.946, -0.026, 0.319, -0.61, -0.305, 0.061, -5.361, -71.153, 160.604, -23.527, -9.853, -12.587, 31.94, 0.16418, 0.56635, -0.13574, 0.79608,
 14:51:43.994,f6:90:cc:01:6d:25, 2015-01-01 03:03:21.310, 0.83, -0.014, -0.536, 0.122, 0, 0, -178.358, -57.206, -12.426, -27.093, -13.567, 14.067, 31.54, 0.03931, 0.87338, -0.08817, 0.47726,
 14:51:43.994,f6:90:cc:01:6d:25, 2015-01-01 03:03:21.310, 0.83, -0.014, -0.536, 0.305, 0.061, 0, -178.352, -57.206, -12.426, -27.093, -13.567, 14.067, 31.54, 0.03931, 0.87338, -0.08817, 0.47726,
 14:51:44.015,ed:40:fe:65:30:6c, 2015-01-01 03:03:26.335, 0.979, -0.032, 0.242, 0.183, 0.061, 0, -8.168, -76.058, -113.165, -27.927, -9.400, 10.433, 28.5, -0.39581, 0.54428, 0.29114, 0.67987,
 14:51:44.015,ed:40:fe:65:30:6c, 2015-01-01 03:03:26.335, 0.976, -0.031, 0.24, 0, 0, 0, -8.163, -76.058, -113.176, -27.927, -9.400, 10.433, 28.5, -0.39581, 0.54428, 0.29114, 0.67987,
 14:51:44.016,e3:ca:2d:fd:e0:8c, 2015-01-01 03:03:21.050, 0.857, -0.156, -0.527, 0, 0, 0, -163.433, -57.36, -47.659, -27.473, -8.393, 6.327, 29.14, -0.07675, -0.82172, 0.28827, -0.48547,
 14:51:44.016,e3:ca:2d:fd:e0:8c, 2015-01-01 03:03:21.050, 0.858, -0.156, -0.527, 0, 0, 0, -163.433, -57.36, -47.653, -27.473, -8.393, 6.327, 29.14, -0.07675, -0.82172, 0.28827, -0.48547,
 14:51:44.018,ed:35:33:d3:6c:f8, 2015-01-01 03:03:21.595, 0.938, -0.029, 0.318, -0.549, -0.183, 0, -5.378, -71.158, 160.62, -23.527, -9.853, -12.587, 31.94, 0.16418, 0.56635, -0.13574, 0.79608,
 14:51:44.018,ed:35:33:d3:6c:f8, 2015-01-01 03:03:21.595, 0.941, -0.027, 0.318, 0, -0.061, 0.305, -5.389, -71.158, 160.62, -23.527, -9.853, -12.587, 31.94, 0.16418, 0.56635, -0.13574, 0.79608,
 14:51:44.037,ed:40:fe:65:30:6c, 2015-01-01 03:03:26.335, 0.973, -0.032, 0.24, 0.061, -0.366, 0.122, -8.168, -76.064, -113.181, -27.927, -9.400, 10.433, 28.5, -0.39597, 0.54382, 0.2915, 0.67996,
 14:51:44.037,ed:40:fe:65:30:6c, 2015-01-01 03:03:26.335, 0.977, -0.032, 0.24, 0.061, -0.244, 0.244, -8.185, -76.064, -113.181, -27.927, -9.400, 10.433, 28.5, -0.39597, 0.54382, 0.2915, 0.67996,
 14:51:44.039,e3:ca:2d:fd:e0:8c, 2015-01-01 03:03:21.050, 0.856, -0.156, -0.526, 0.061, 0, 0, -163.433, -57.36, -47.648, -27.473, -8.393, 6.327, 29.14, -0.07623, -0.82205, 0.28745, -0.48547,
 14:51:44.039,e3:ca:2d:fd:e0:8c, 2015-01-01 03:03:21.050, 0.856, -0.156, -0.525, 0.122, 0, 0, -163.433, -57.36, -47.642, -27.473, -8.393, 6.327, 29.14, -0.07623, -0.82205, 0.28745, -0.48547,
 14:51:44.039,f6:90:cc:01:6d:25, 2015-01-01 03:03:21.310, 0.829, -0.014, -0.536, 0.305, 0, 0, -178.347, -57.206, -12.426, -27.093, -13.567, 14.067, 31.54, 0.03931, 0.87338, -0.08817, 0.47726,
 14:51:44.039,f6:90:cc:01:6d:25, 2015-01-01 03:03:21.310, 0.83, -0.014, -0.536, 0.183, 0, 0, -178.347, -57.206, -12.426, -27.093, -13.567, 14.067, 31.54, 0.03931, 0.87338, -0.08817, 0.47726,
 14:51:44.063,ed:35:33:d3:6c:f8, 2015-01-01 03:03:21.595, 0.944, -0.028, 0.318, 0.122, -0.122, 0.488, -5.405, -71.164, 160.642, -23.527, -9.853, -12.587, 31.94, 0.16418, 0.56635, -0.13574, 0.79608,
 14:51:44.063,ed:35:33:d3:6c:f8, 2015-01-01 03:03:21.595, 0.939, -0.03, 0.317, 0, 0, 0, -5.422, -71.164, 160.664, -23.527, -9.853, -12.587, 31.94, 0.16418, 0.56635, -0.13574, 0.79608,
 14:51:44.063,f6:90:cc:01:6d:25, 2015-01-01 03:03:21.715, 0.83, -0.014, -0.536, 0.122, 0, 0, -178.341, -57.206, -12.42, -27.093, -13.567, 14.067, 31.54, 0.03931, 0.87338, -0.08817, 0.47726,
 14:51:44.063,f6:90:cc:01:6d:25, 2015-01-01 03:03:21.715, 0.829, -0.014, -0.536, 0.061, 0.061, 0, -178.341, -57.206, -12.42, -27.093, -13.567, 14.067, 31.54, 0.03931, 0.87338, -0.08817, 0.47726,
 14:51:44.085,e3:ca:2d:fd:e0:8c, 2015-01-01 03:03:21.050, 0.856, -0.157, -0.525, 0, 0, 0, -163.433, -57.36, -47.637, -27.473, -8.393, 6.327, 29.14, -0.07623, -0.82205, 0.28745, -0.48547,
 14:51:44.085,e3:ca:2d:fd:e0:8c, 2015-01-01 03:03:21.050, 0.855, -0.156, -0.526, -0.061, 0.061, 0, -163.433, -57.36, -47.631, -27.473, -8.393, 6.327, 29.14, -0.07623, -0.82205, 0.28745, -0.48547,
 14:51:44.085,ed:40:fe:65:30:6c, 2015-01-01 03:03:26.335, 0.973, -0.033, 0.239, 0, 0, 0.305, -8.201, -76.064, -113.17, -27.927, -9.400, 10.433, 28.5, -0.39597, 0.54382, 0.2915, 0.67996,
 14:51:44.085,ed:40:fe:65:30:6c, 2015-01-01 03:03:26.335, 0.973, -0.033, 0.242, 0, 0, 0.183, -8.218, -76.064, -113.159, -27.927, -9.400, 10.433, 28.5, -0.39597, 0.54382, 0.2915, 0.67996,
 14:51:44.086,ed:35:33:d3:6c:f8, 2015-01-01 03:03:21.595, 0.934, -0.03, 0.318, 0.183, 0.244, -0.244, -5.416, -71.164, 160.648, -23.527, -9.853, -12.587, 31.94, 0.16418, 0.56635, -0.13574, 0.79608,
 14:51:44.086,ed:35:33:d3:6c:f8, 2015-01-01 03:03:21.595, 0.939, -0.029, 0.32, 0.122, 0, 0, -5.394, -71.158, 160.653, -23.527, -9.853, -12.587, 31.94, 0.16418, 0.56635, -0.13574, 0.79608,
 14:51:44.107,e3:ca:2d:fd:e0:8c, 2015-01-01 03:03:21.430, 0.855, -0.156, -0.526, 0, 0, 0, -163.433, -57.36, -47.631, -27.473, -8.393, 6.327, 29.14, -0.07623, -0.82205, 0.28745, -0.48547,
 14:51:44.107,e3:ca:2d:fd:e0:8c, 2015-01-01 03:03:21.430, 0.856, -0.156, -0.526, 0, -0.061, 0, -163.433, -57.36, -47.626, -27.473, -8.393, 6.327, 29.14, -0.07623, -0.82205, 0.28745, -0.48547,
 14:51:44.107,f6:90:cc:01:6d:25, 2015-01-01 03:03:21.715, 0.829, -0.014, -0.535, 0.061, 0.061, 0, -178.341, -57.206, -12.42, -27.093, -13.567, 14.067, 31.54, 0.03931, 0.87338, -0.08817, 0.47726,
 14:51:44.107,f6:90:cc:01:6d:25, 2015-01-01 03:03:21.715, 0.829, -0.014, -0.535, 0.061, 0.061, 0, -178.341, -57.206, -12.42, -27.093, -13.567, 14.067, 31.54, 0.03931, 0.87338, -0.08817, 0.47726,
 14:51:44.129,ed:40:fe:65:30:6c, 2015-01-01 03:03:26.695, 0.976, -0.034, 0.243, 0.061, 0.183, 0.183, -8.223, -76.064, -113.159, -27.927, -9.400, 10.433, 28.5, -0.39597, 0.54382, 0.2915, 0.67996,
 14:51:44.129,ed:40:fe:65:30:6c, 2015-01-01 03:03:26.695, 0.978, -0.033, 0.241, 0.122, 0.183, 0.122, -8.229, -76.058, -113.159, -27.927, -9.400, 10.433, 28.5, -0.39597, 0.54382, 0.2915, 0.67996,
 14:51:44.133,ed:35:33:d3:6c:f8, 2015-01-01 03:03:21.595, 0.944, -0.031, 0.32, 0.061, -0.122, 0.305, -5.4, -71.164, 160.664, -23.527, -9.853, -12.587, 31.94, 0.16418, 0.56635, -0.13574, 0.79608,
 14:51:44.133,ed:35:33:d3:6c:f8, 2015-01-01 03:03:21.595, 0.944, -0.03, 0.318, -0.183, -0.122, 0.122, -5.411, -71.164, 160.681, -23.527, -9.853, -12.587, 31.94, 0.16418, 0.56635, -0.13574, 0.79608,
 14:51:44.151,e3:ca:2d:fd:e0:8c, 2015-01-01 03:03:21.430, 0.857, -0.157, -0.527, 0, -0.061, 0, -163.433, -57.354, -47.62, -27.473, -8.393, 6.327, 29.14, -0.07623, -0.82205, 0.28745, -0.48547,
 14:51:44.151,e3:ca:2d:fd:e0:8c, 2015-01-01 03:03:21.430, 0.856, -0.157, -0.527, 0, -0.061, 0, -163.433, -57.354, -47.609, -27.473, -8.393, 6.327, 29.14, -0.07623, -0.82205, 0.28745, -0.48547,
 14:51:44.152,f6:90:cc:01:6d:25, 2015-01-01 03:03:21.715, 0.83, -0.014, -0.536, 0.061, 0, 0, -178.347, -57.206, -12.42, -27.093, -13.567, 14.067, 31.54, 0.03931, 0.87338, -0.08817, 0.47726,
 14:51:44.152,f6:90:cc:01:6d:25, 2015-01-01 03:03:21.715, 0.829, -0.015, -0.536, 0.061, 0, 0, -178.347, -57.206, -12.42, -27.093, -13.567, 14.067, 31.54, 0.03931, 0.87338, -0.08817, 0.47726,
 14:51:44.172,ed:40:fe:65:30:6c, 2015-01-01 03:03:26.695, 0.977, -0.034, 0.239, -0.061, -0.061, 0.061, -8.229, -76.053, -113.154, -27.927, -9.400, 10.433, 28.5, -0.39597, 0.54382, 0.2915, 0.67996,
 14:51:44.172,ed:40:fe:65:30:6c, 2015-01-01 03:03:26.695, 0.974, -0.034, 0.239, -0.183, -0.183, 0, -8.229, -76.053, -113.143, -27.927, -9.400, 10.433, 28.5, -0.39597, 0.54382, 0.2915, 0.67996,
 14:51:44.174,f6:90:cc:01:6d:25, 2015-01-01 03:03:21.715, 0.829, -0.015, -0.537, 0.061, 0, 0, -178.347, -57.206, -12.42, -27.093, -13.567, 14.067, 31.54, 0.03931, 0.87338, -0.08817, 0.47726,
 14:51:44.174,f6:90:cc:01:6d:25, 2015-01-01 03:03:21.715, 0.83, -0.015, -0.536, 0, 0, 0, -178.347, -57.206, -12.42, -27.093, -13.567, 14.067, 31.54, 0.03931, 0.87338, -0.08817, 0.47726,
 14:51:44.176,ed:35:33:d3:6c:f8, 2015-01-01 03:03:21.595, 0.941, -0.031, 0.316, -0.305, 0, -0.244, -5.416, -71.164, 160.686, -23.527, -9.853, -12.587, 31.94, 0.16418, 0.56635, -0.13574, 0.79608,
 14:51:44.176,ed:35:33:d3:6c:f8, 2015-01-01 03:03:21.595, 0.936, -0.03, 0.317, -0.183, 0.122, -0.244, -5.405, -71.169, 160.637, -23.527, -9.853, -12.587, 31.94, 0.16418, 0.56635, -0.13574, 0.79608,
 14:51:44.195,ed:40:fe:65:30:6c, 2015-01-01 03:03:26.695, 0.976, -0.035, 0.24, 0, 0, 0.122, -8.234, -76.058, -113.126, -27.927, -9.400, 10.433, 28.5, -0.39597, 0.54382, 0.2915, 0.67996,
 14:51:44.195,ed:40:fe:65:30:6c, 2015-01-01 03:03:26.695, 0.979, -0.036, 0.241, 0.305, 0.183, 0.122, -8.234, -76.058, -113.104, -27.927, -9.400, 10.433, 28.5, -0.39597, 0.54382, 0.2915, 0.67996,
 14:51:44.196,e3:ca:2d:fd:e0:8c, 2015-01-01 03:03:21.430, 0.856, -0.157, -0.527, 0, -0.061, 0, -163.433, -57.354, -47.604, -27.473, -8.393, 6.327, 29.14, -0.07623, -0.82205, 0.28745, -0.48547,
 14:51:44.196,e3:ca:2d:fd:e0:8c, 2015-01-01 03:03:21.430, 0.856, -0.157, -0.526, 0, -0.061, 0, -163.433, -57.349, -47.598, -27.473, -8.393, 6.327, 29.14, -0.07623, -0.82205, 0.28745, -0.48547,
 14:51:44.222,ed:35:33:d3:6c:f8, 2015-01-01 03:03:21.595, 0.943, -0.031, 0.319, 0.061, -0.061, 0.183, -5.4, -71.164, 160.604, -23.693, -10.380, -14.333, 31.94, 0.16418, 0.56635, -0.13574, 0.79608,
 14:51:44.222,ed:35:33:d3:6c:f8, 2015-01-01 03:03:21.595, 0.945, -0.032, 0.317, 0.061, 0, 0.366, -5.416, -71.169, 160.609, -23.693, -10.380, -14.333, 31.94, 0.16418, 0.56635, -0.13574, 0.79608,
 14:51:44.242,e3:ca:2d:fd:e0:8c, 2015-01-01 03:03:21.430, 0.855, -0.158, -0.526, 0, 0, 0, -163.433, -57.349, -47.593, -27.473, -8.393, 6.327, 29.14, -0.07623, -0.82205, 0.28745, -0.48547,
 14:51:44.242,e3:ca:2d:fd:e0:8c, 2015-01-01 03:03:21.430, 0.856, -0.157, -0.526, 0, 0.122, 0, -163.433, -57.349, -47.593, -27.473, -8.393, 6.327, 29.14, -0.07623, -0.82205, 0.28745, -0.48547,
 14:51:44.242,f6:90:cc:01:6d:25, 2015-01-01 03:03:21.715, 0.829, -0.016, -0.536, 0, 0.061, 0, -178.347, -57.206, -12.42, -27.093, -13.567, 14.067, 31.54, 0.03931, 0.87338, -0.08817, 0.47726,
 14:51:44.242,f6:90:cc:01:6d:25, 2015-01-01 03:03:21.715, 0.829, -0.016, -0.536, 0.122, 0.061, 0, -178.347, -57.206, -12.42, -27.093, -13.567, 14.067, 31.54, 0.03931, 0.87338, -0.08817, 0.47726,
 14:51:44.262,ed:40:fe:65:30:6c, 2015-01-01 03:03:26.695, 0.975, -0.035, 0.238, 0.183, 0, 0.061, -8.234, -76.053, -113.082, -27.927, -9.400, 10.433, 28.5, -0.39597, 0.54382, 0.2915, 0.67996,
 14:51:44.262,ed:40:fe:65:30:6c, 2015-01-01 03:03:26.695, 0.973, -0.033, 0.241, -0.061, -0.183, 0.122, -8.24, -76.053, -113.066, -27.927, -9.400, 10.433, 28.5, -0.39597, 0.54382, 0.2915, 0.67996,
 14:51:44.263,e3:ca:2d:fd:e0:8c, 2015-01-01 03:03:21.430, 0.856, -0.157, -0.526, 0, 0.122, 0, -163.427, -57.354, -47.587, -27.473, -8.393, 6.327, 29.14, -0.07623, -0.82205, 0.28745, -0.48547,
 14:51:44.263,e3:ca:2d:fd:e0:8c, 2015-01-01 03:03:21.430, 0.856, -0.156, -0.526, -0.061, 0.061, 0, -163.427, -57.354, -47.582, -27.473, -8.393, 6.327, 29.14, -0.07623, -0.82205, 0.28745, -0.48547,
 14:51:44.267,f6:90:cc:01:6d:25, 2015-01-01 03:03:21.715, 0.829, -0.016, -0.536, 0.122, 0.122, 0, -178.341, -57.206, -12.42, -26.900, -13.573, 13.707, 31.54, 0.03931, 0.87338, -0.08817, 0.47726,
 14:51:44.267,f6:90:cc:01:6d:25, 2015-01-01 03:03:21.715, 0.83, -0.015, -0.535, 0.061, 0.122, 0, -178.341, -57.206, -12.42, -26.900, -13.573, 13.707, 31.54, 0.03931, 0.87338, -0.08817, 0.47726,
 14:51:44.267,ed:35:33:d3:6c:f8, 2015-01-01 03:03:21.595, 0.937, -0.031, 0.317, -0.122, 0, -0.061, -5.433, -71.169, 160.615, -23.693, -10.380, -14.333, 31.94, 0.16391, 0.56644, -0.13583, 0.79605,
 14:51:44.267,ed:35:33:d3:6c:f8, 2015-01-01 03:03:21.595, 0.939, -0.028, 0.32, -0.549, 0, -0.122, -5.433, -71.169, 160.615, -23.693, -10.380, -14.333, 31.94, 0.16391, 0.56644, -0.13583, 0.79605,
 14:51:44.289,ed:35:33:d3:6c:f8, 2015-01-01 03:03:21.885, 0.942, -0.03, 0.319, -0.61, 0, 0.305, -5.444, -71.169, 160.576, -23.693, -10.380, -14.333, 31.94, 0.16391, 0.56644, -0.13583, 0.79605,
 14:51:44.289,ed:35:33:d3:6c:f8, 2015-01-01 03:03:21.885, 0.937, -0.032, 0.32, -0.122, 0, 0.488, -5.471, -71.169, 160.554, -23.693, -10.380, -14.333, 31.94, 0.16391, 0.56644, -0.13583, 0.79605,
 14:51:44.307,ed:40:fe:65:30:6c, 2015-01-01 03:03:26.695, 0.976, -0.033, 0.243, -0.061, 0, 0.183, -8.251, -76.053, -113.038, -27.927, -9.400, 10.433, 28.5, -0.39597, 0.54382, 0.2915, 0.67996,
 14:51:44.307,ed:40:fe:65:30:6c, 2015-01-01 03:03:26.695, 0.974, -0.035, 0.24, 0.061, 0, 0.305, -8.262, -76.053, -113.011, -27.927, -9.400, 10.433, 28.5, -0.39597, 0.54382, 0.2915, 0.67996,
 14:51:44.309,e3:ca:2d:fd:e0:8c, 2015-01-01 03:03:21.430, 0.856, -0.157, -0.525, 0, 0, 0, -163.427, -57.354, -47.582, -27.473, -8.393, 6.327, 29.14, -0.07623, -0.82205, 0.28745, -0.48547,
 14:51:44.309,e3:ca:2d:fd:e0:8c, 2015-01-01 03:03:21.430, 0.856, -0.157, -0.525, -0.061, 0, 0, -163.427, -57.354, -47.576, -27.473, -8.393, 6.327, 29.14, -0.07623, -0.82205, 0.28745, -0.48547,
 14:51:44.311,f6:90:cc:01:6d:25, 2015-01-01 03:03:21.715, 0.83, -0.015, -0.535, 0.061, 0.061, 0, -178.341, -57.206, -12.42, -26.900, -13.573, 13.707, 31.54, 0.03931, 0.87338, -0.08817, 0.47726,
 14:51:44.311,f6:90:cc:01:6d:25, 2015-01-01 03:03:21.715, 0.829, -0.015, -0.534, 0.122, 0.061, 0, -178.341, -57.206, -12.42, -26.900, -13.573, 13.707, 31.54, 0.03931, 0.87338, -0.08817, 0.47726,
 14:51:44.330,ed:40:fe:65:30:6c, 2015-01-01 03:03:26.695, 0.973, -0.035, 0.242, 0.183, -0.122, 0.305, -8.284, -76.053, -112.972, -27.813, -8.933, 9.800, 28.5, -0.39597, 0.54382, 0.2915, 0.67996,
 14:51:44.330,ed:40:fe:65:30:6c, 2015-01-01 03:03:26.695, 0.978, -0.035, 0.242, 0.183, 0, 0.061, -8.3, -76.053, -112.939, -27.813, -8.933, 9.800, 28.5, -0.39597, 0.54382, 0.2915, 0.67996,
 14:51:44.332,f6:90:cc:01:6d:25, 2015-01-01 03:03:21.715, 0.83, -0.015, -0.534, 0.122, 0, 0, -178.336, -57.206, -12.42, -26.900, -13.573, 13.707, 31.54, 0.03915, 0.87341, -0.08807, 0.47726,
 14:51:44.332,f6:90:cc:01:6d:25, 2015-01-01 03:03:21.715, 0.83, -0.014, -0.535, 0, 0, 0, -178.336, -57.206, -12.42, -26.900, -13.573, 13.707, 31.54, 0.03915, 0.87341, -0.08807, 0.47726,
 14:51:44.334,ed:35:33:d3:6c:f8, 2015-01-01 03:03:21.885, 0.943, -0.033, 0.32, 0, -0.061, 0.244, -5.499, -71.169, 160.565, -23.693, -10.380, -14.333, 31.94, 0.16391, 0.56644, -0.13583, 0.79605,
 14:51:44.334,ed:35:33:d3:6c:f8, 2015-01-01 03:03:21.885, 0.944, -0.034, 0.319, 0.061, -0.122, 0, -5.51, -71.169, 160.543, -23.693, -10.380, -14.333, 31.94, 0.16391, 0.56644, -0.13583, 0.79605,
 14:51:44.375,ed:40:fe:65:30:6c, 2015-01-01 03:03:26.695, 0.976, -0.034, 0.24, 0.183, 0, -0.061, -8.295, -76.053, -112.928, -27.813, -8.933, 9.800, 28.5, -0.39597, 0.54382, 0.2915, 0.67996,
 14:51:44.375,ed:40:fe:65:30:6c, 2015-01-01 03:03:26.695, 0.971, -0.033, 0.243, 0, -0.488, -0.244, -8.284, -76.053, -112.923, -27.813, -8.933, 9.800, 28.5, -0.39597, 0.54382, 0.2915, 0.67996,
 14:51:44.376,e3:ca:2d:fd:e0:8c, 2015-01-01 03:03:21.430, 0.856, -0.156, -0.526, 0, 0, 0, -163.427, -57.354, -47.571, -27.313, -8.287, 6.280, 29.14, -0.07623, -0.82205, 0.28745, -0.48547,
 14:51:44.376,e3:ca:2d:fd:e0:8c, 2015-01-01 03:03:21.430, 0.855, -0.156, -0.525, 0, 0, 0, -163.427, -57.354, -47.565, -27.313, -8.287, 6.280, 29.14, -0.07623, -0.82205, 0.28745, -0.48547,
 14:51:44.378,ed:35:33:d3:6c:f8, 2015-01-01 03:03:21.885, 0.937, -0.032, 0.32, 0.183, -0.305, -0.305, -5.504, -71.175, 160.505, -23.693, -10.380, -14.333, 31.94, 0.16391, 0.56644, -0.13583, 0.79605,
 14:51:44.378,ed:35:33:d3:6c:f8, 2015-01-01 03:03:21.885, 0.934, -0.03, 0.322, 0.061, -0.122, -0.549, -5.488, -71.18, 160.444, -23.693, -10.380, -14.333, 31.94, 0.16391, 0.56644, -0.13583, 0.79605,
 14:51:44.378,f6:90:cc:01:6d:25, 2015-01-01 03:03:21.715, 0.83, -0.014, -0.534, 0, 0, 0, -178.336, -57.206, -12.42, -26.900, -13.573, 13.707, 31.54, 0.03915, 0.87341, -0.08807, 0.47726,
 14:51:44.378,f6:90:cc:01:6d:25, 2015-01-01 03:03:21.715, 0.83, -0.014, -0.534, 0, 0.061, 0, -178.336, -57.206, -12.42, -26.900, -13.573, 13.707, 31.54, 0.03915, 0.87341, -0.08807, 0.47726,
 14:51:44.398,ed:40:fe:65:30:6c, 2015-01-01 03:03:26.695, 0.973, -0.033, 0.244, -0.061, -0.61, -0.305, -8.267, -76.064, -112.928, -27.813, -8.933, 9.800, 28.5, -0.39694, 0.54358, 0.29202, 0.67938,
 14:51:44.398,ed:40:fe:65:30:6c, 2015-01-01 03:03:26.695, 0.979, -0.032, 0.242, -0.183, -0.305, -0.244, -8.251, -76.075, -112.934, -27.813, -8.933, 9.800, 28.5, -0.39694, 0.54358, 0.29202, 0.67938,
 14:51:44.400,e3:ca:2d:fd:e0:8c, 2015-01-01 03:03:21.430, 0.856, -0.155, -0.525, -0.061, -0.183, 0, -163.427, -57.349, -47.56, -27.313, -8.287, 6.280, 29.14, -0.07581, -0.8223, 0.2868, -0.48547,
 14:51:44.400,e3:ca:2d:fd:e0:8c, 2015-01-01 03:03:21.430, 0.857, -0.156, -0.525, -0.061, -0.183, 0, -163.433, -57.349, -47.554, -27.313, -8.287, 6.280, 29.14, -0.07581, -0.8223, 0.2868, -0.48547,
 14:51:44.423,ed:35:33:d3:6c:f8, 2015-01-01 03:03:21.885, 0.942, -0.027, 0.322, -0.305, -0.732, -0.366, -5.46, -71.186, 160.378, -23.693, -10.380, -14.333, 31.94, 0.16391, 0.56644, -0.13583, 0.79605,
 14:51:44.423,ed:35:33:d3:6c:f8, 2015-01-01 03:03:21.885, 0.947, -0.029, 0.319, -0.732, -0.61, -0.305, -5.455, -71.197, 160.323, -23.693, -10.380, -14.333, 31.94, 0.16391, 0.56644, -0.13583, 0.79605,
 14:51:44.443,ed:40:fe:65:30:6c, 2015-01-01 03:03:26.695, 0.981, -0.032, 0.24, -0.244, -0.488, -0.183, -8.234, -76.08, -112.939, -27.813, -8.933, 9.800, 28.5, -0.39694, 0.54358, 0.29202, 0.67938,
 14:51:44.443,ed:40:fe:65:30:6c, 2015-01-01 03:03:26.695, 0.979, -0.031, 0.235, -0.122, -0.854, -0.061, -8.229, -76.091, -112.934, -27.813, -8.933, 9.800, 28.5, -0.39694, 0.54358, 0.29202, 0.67938,
 14:51:44.445,f6:90:cc:01:6d:25, 2015-01-01 03:03:22.050, 0.83, -0.014, -0.534, 0, 0, 0, -178.341, -57.206, -12.42, -26.900, -13.573, 13.707, 31.54, 0.03915, 0.87341, -0.08807, 0.47726,
 14:51:44.445,f6:90:cc:01:6d:25, 2015-01-01 03:03:22.050, 0.83, -0.014, -0.535, -0.061, 0, 0, -178.341, -57.206, -12.42, -26.900, -13.573, 13.707, 31.54, 0.03915, 0.87341, -0.08807, 0.47726,
 14:51:44.445,e3:ca:2d:fd:e0:8c, 2015-01-01 03:03:21.430, 0.856, -0.157, -0.526, -0.061, -0.122, 0, -163.433, -57.343, -47.549, -27.313, -8.287, 6.280, 29.14, -0.07581, -0.8223, 0.2868, -0.48547,
 14:51:44.445,e3:ca:2d:fd:e0:8c, 2015-01-01 03:03:21.430, 0.855, -0.157, -0.526, -0.061, -0.244, 0, -163.438, -57.343, -47.543, -27.313, -8.287, 6.280, 29.14, -0.07581, -0.8223, 0.2868, -0.48547,
 14:51:44.449,ed:35:33:d3:6c:f8, 2015-01-01 03:03:21.885, 0.948, -0.028, 0.314, -0.671, -0.488, -0.366, -5.449, -71.208, 160.274, -23.693, -10.380, -14.333, 31.94, 0.16391, 0.56644, -0.13583, 0.79605,
 14:51:44.449,ed:35:33:d3:6c:f8, 2015-01-01 03:03:21.885, 0.948, -0.03, 0.31, 0, 0, -0.244, -5.444, -71.219, 160.219, -23.693, -10.380, -14.333, 31.94, 0.16391, 0.56644, -0.13583, 0.79605,
 14:51:44.467,f6:90:cc:01:6d:25, 2015-01-01 03:03:22.050, 0.83, -0.014, -0.535, 0, 0, 0, -178.341, -57.206, -12.42, -26.900, -13.573, 13.707, 31.54, 0.03915, 0.87341, -0.08807, 0.47726,
 14:51:44.467,f6:90:cc:01:6d:25, 2015-01-01 03:03:22.050, 0.829, -0.013, -0.535, 0, 0, 0, -178.341, -57.206, -12.42, -26.900, -13.573, 13.707, 31.54, 0.03915, 0.87341, -0.08807, 0.47726,
 14:51:44.467,e3:ca:2d:fd:e0:8c, 2015-01-01 03:03:21.785, 0.855, -0.157, -0.527, -0.061, -0.244, 0, -163.438, -57.338, -47.532, -27.313, -8.287, 6.280, 29.14, -0.07581, -0.8223, 0.2868, -0.48547,
 14:51:44.467,e3:ca:2d:fd:e0:8c, 2015-01-01 03:03:21.785, 0.854, -0.156, -0.525, -0.122, -0.183, 0, -163.444, -57.332, -47.527, -27.313, -8.287, 6.280, 29.14, -0.07581, -0.8223, 0.2868, -0.48547,
 14:51:44.487,ed:40:fe:65:30:6c, 2015-01-01 03:03:27.055, 0.979, -0.032, 0.234, 0.122, -0.549, 0, -8.229, -76.102, -112.917, -27.813, -8.933, 9.800, 28.5, -0.39694, 0.54358, 0.29202, 0.67938,
 14:51:44.487,ed:40:fe:65:30:6c, 2015-01-01 03:03:27.055, 0.971, -0.035, 0.236, -0.061, -0.549, -0.122, -8.229, -76.113, -112.901, -27.813, -8.933, 9.800, 28.5, -0.39694, 0.54358, 0.29202, 0.67938,
 14:51:44.492,ed:35:33:d3:6c:f8, 2015-01-01 03:03:21.885, 0.936, -0.032, 0.313, 0.366, 0.183, -0.61, -5.422, -71.219, 160.164, -23.693, -10.380, -14.333, 31.94, 0.16391, 0.56644, -0.13583, 0.79605,
 14:51:44.492,ed:35:33:d3:6c:f8, 2015-01-01 03:03:21.885, 0.938, -0.027, 0.313, -0.122, 0, -0.916, -5.372, -71.219, 160.087, -23.693, -10.380, -14.333, 31.94, 0.16391, 0.56644, -0.13583, 0.79605,
 14:51:44.511,e3:ca:2d:fd:e0:8c, 2015-01-01 03:03:21.785, 0.854, -0.157, -0.526, -0.183, -0.244, 0, -163.449, -57.327, -47.521, -27.313, -8.287, 6.280, 29.14, -0.07581, -0.8223, 0.2868, -0.48547,
 14:51:44.511,e3:ca:2d:fd:e0:8c, 2015-01-01 03:03:21.785, 0.855, -0.157, -0.527, -0.305, -0.061, 0, -163.455, -57.327, -47.516, -27.313, -8.287, 6.280, 29.14, -0.07581, -0.8223, 0.2868, -0.48547,
 14:51:44.513,f6:90:cc:01:6d:25, 2015-01-01 03:03:22.050, 0.829, -0.015, -0.536, 0.061, 0.061, 0, -178.347, -57.206, -12.42, -26.900, -13.573, 13.707, 31.54, 0.03915, 0.87341, -0.08807, 0.47726,
 14:51:44.513,f6:90:cc:01:6d:25, 2015-01-01 03:03:22.050, 0.829, -0.016, -0.538, 0, 0.183, 0, -178.347, -57.211, -12.42, -26.900, -13.573, 13.707, 31.54, 0.03915, 0.87341, -0.08807, 0.47726,
 14:51:44.533,ed:40:fe:65:30:6c, 2015-01-01 03:03:27.055, 0.977, -0.031, 0.238, -0.244, -0.061, -0.122, -8.223, -76.124, -112.896, -27.813, -8.933, 9.800, 28.5, -0.39694, 0.54358, 0.29202, 0.67938,
 14:51:44.533,ed:40:fe:65:30:6c, 2015-01-01 03:03:27.055, 0.986, -0.029, 0.24, -0.061, 0.061, 0, -8.212, -76.124, -112.896, -27.813, -8.933, 9.800, 28.5, -0.39694, 0.54358, 0.29202, 0.67938,
 14:51:44.535,f6:90:cc:01:6d:25, 2015-01-01 03:03:22.050, 0.831, -0.013, -0.538, -0.305, 0.244, 0, -178.352, -57.211, -12.42, -26.900, -13.573, 13.707, 31.54, 0.03915, 0.87341, -0.08807, 0.47726,
 14:51:44.535,f6:90:cc:01:6d:25, 2015-01-01 03:03:22.050, 0.83, -0.013, -0.537, -0.122, 0.244, 0, -178.358, -57.217, -12.42, -26.900, -13.573, 13.707, 31.54, 0.03915, 0.87341, -0.08807, 0.47726,
 14:51:44.536,ed:35:33:d3:6c:f8, 2015-01-01 03:03:21.885, 0.948, -0.027, 0.318, -0.854, -0.366, -0.488, -5.334, -71.224, 160.005, -24.260, -10.013, -13.933, 31.94, 0.16391, 0.56644, -0.13583, 0.79605,
 14:51:44.536,ed:35:33:d3:6c:f8, 2015-01-01 03:03:21.885, 0.959, -0.027, 0.319, 0.549, -0.183, -2.075, -5.295, -71.23, 159.922, -24.260, -10.013, -13.933, 31.94, 0.16391, 0.56644, -0.13583, 0.79605,
 14:51:44.556,e3:ca:2d:fd:e0:8c, 2015-01-01 03:03:21.785, 0.858, -0.155, -0.53, -0.366, 0, 0, -163.46, -57.327, -47.51, -27.313, -8.287, 6.280, 29.14, -0.07581, -0.8223, 0.2868, -0.48547,
 14:51:44.556,e3:ca:2d:fd:e0:8c, 2015-01-01 03:03:21.785, 0.859, -0.156, -0.53, -0.183, -0.122, 0, -163.466, -57.321, -47.51, -27.313, -8.287, 6.280, 29.14, -0.07581, -0.8223, 0.2868, -0.48547,
 14:51:44.556,ed:40:fe:65:30:6c, 2015-01-01 03:03:27.055, 0.987, -0.033, 0.236, -0.061, -0.488, 0, -8.212, -76.124, -112.885, -27.813, -8.933, 9.800, 28.5, -0.39694, 0.54358, 0.29202, 0.67938,
 14:51:44.556,ed:40:fe:65:30:6c, 2015-01-01 03:03:27.055, 0.978, -0.037, 0.234, 0, -1.709, 0, -8.218, -76.141, -112.868, -27.813, -8.933, 9.800, 28.5, -0.39694, 0.54358, 0.29202, 0.67938,
 14:51:44.581,ed:35:33:d3:6c:f8, 2015-01-01 03:03:21.885, 0.947, -0.031, 0.315, 0, 0.549, -0.061, -5.191, -71.235, 159.807, -24.260, -10.013, -13.933, 31.94, 0.16827, 0.56631, -0.13821, 0.79483,
 14:51:44.581,ed:35:33:d3:6c:f8, 2015-01-01 03:03:21.885, 0.94, -0.032, 0.315, 0.549, 0.977, -0.183, -5.186, -71.224, 159.785, -24.260, -10.013, -13.933, 31.94, 0.16827, 0.56631, -0.13821, 0.79483,
 14:51:44.599,ed:40:fe:65:30:6c, 2015-01-01 03:03:27.055, 0.976, -0.035, 0.235, 0, -1.953, 0, -8.234, -76.179, -112.863, -27.813, -8.933, 9.800, 28.5, -0.39694, 0.54358, 0.29202, 0.67938,
 14:51:44.599,ed:40:fe:65:30:6c, 2015-01-01 03:03:27.055, 0.983, -0.034, 0.234, 0, -1.343, -0.061, -8.251, -76.212, -112.857, -27.813, -8.933, 9.800, 28.5, -0.39694, 0.54358, 0.29202, 0.67938,
 14:51:44.602,e3:ca:2d:fd:e0:8c, 2015-01-01 03:03:21.785, 0.856, -0.157, -0.53, -0.122, -0.366, 0, -163.471, -57.316, -47.499, -27.313, -8.287, 6.280, 29.14, -0.07581, -0.8223, 0.2868, -0.48547,
 14:51:44.602,e3:ca:2d:fd:e0:8c, 2015-01-01 03:03:21.785, 0.854, -0.155, -0.527, -0.061, -0.305, 0, -163.477, -57.31, -47.494, -27.313, -8.287, 6.280, 29.14, -0.07581, -0.8223, 0.2868, -0.48547,
 14:51:44.604,f6:90:cc:01:6d:25, 2015-01-01 03:03:22.050, 0.83, -0.015, -0.537, -0.183, 0.183, 0, -178.363, -57.217, -12.42, -26.900, -13.573, 13.707, 31.54, 0.03915, 0.87341, -0.08807, 0.47726,
 14:51:44.604,f6:90:cc:01:6d:25, 2015-01-01 03:03:22.050, 0.83, -0.017, -0.538, -0.488, 0.122, 0, -178.369, -57.217, -12.42, -26.900, -13.573, 13.707, 31.54, 0.03915, 0.87341, -0.08807, 0.47726,
 14:51:44.624,e3:ca:2d:fd:e0:8c, 2015-01-01 03:03:21.785, 0.852, -0.157, -0.522, -0.061, -0.549, 0, -163.482, -57.299, -47.483, -27.313, -8.287, 6.280, 29.14, -0.07581, -0.8223, 0.2868, -0.48547,
 14:51:44.624,e3:ca:2d:fd:e0:8c, 2015-01-01 03:03:21.785, 0.853, -0.158, -0.516, -0.549, -0.977, 0, -163.499, -57.283, -47.472, -27.313, -8.287, 6.280, 29.14, -0.07581, -0.8223, 0.2868, -0.48547,
 14:51:44.625,f6:90:cc:01:6d:25, 2015-01-01 03:03:22.050, 0.829, -0.015, -0.534, -0.549, 0.061, 0, -178.385, -57.217, -12.42, -27.147, -13.273, 13.407, 31.54, 0.03915, 0.87341, -0.08807, 0.47726,
 14:51:44.625,f6:90:cc:01:6d:25, 2015-01-01 03:03:22.050, 0.829, -0.013, -0.524, -0.244, 0, 0, -178.385, -57.217, -12.42, -27.147, -13.273, 13.407, 31.54, 0.03915, 0.87341, -0.08807, 0.47726,
 14:51:44.648,ed:35:33:d3:6c:f8, 2015-01-01 03:03:22.200, 0.941, -0.03, 0.31, 1.099, 0.549, 0, -5.158, -71.213, 159.752, -24.260, -10.013, -13.933, 31.94, 0.16827, 0.56631, -0.13821, 0.79483,
 14:51:44.648,ed:35:33:d3:6c:f8, 2015-01-01 03:03:22.200, 0.953, -0.028, 0.302, 0, 0.732, -0.427, -5.136, -71.202, 159.719, -24.260, -10.013, -13.933, 31.94, 0.16827, 0.56631, -0.13821, 0.79483,
 14:51:44.650,ed:35:33:d3:6c:f8, 2015-01-01 03:03:22.200, 0.97, -0.025, 0.288, -0.061, 1.526, -3.54, -5.021, -71.186, 159.565, -24.260, -10.013, -13.933, 31.94, 0.16827, 0.56631, -0.13821, 0.79483,
 14:51:44.650,ed:35:33:d3:6c:f8, 2015-01-01 03:03:22.200, 1.001, -0.056, 0.249, 3.296, 2.075, 0.122, -4.889, -71.164, 159.412, -24.260, -10.013, -13.933, 31.94, 0.16827, 0.56631, -0.13821, 0.79483,
 14:51:44.668,ed:40:fe:65:30:6c, 2015-01-01 03:03:27.055, 1.003, -0.031, 0.231, -0.183, -0.366, -0.183, -8.256, -76.24, -112.874, -27.813, -8.933, 9.800, 28.5, -0.39694, 0.54358, 0.29202, 0.67938,
 14:51:44.668,ed:40:fe:65:30:6c, 2015-01-01 03:03:27.055, 1.015, -0.034, 0.215, 0, 0.671, -0.366, -8.24, -76.24, -112.906, -27.813, -8.933, 9.800, 28.5, -0.39694, 0.54358, 0.29202, 0.67938,
 14:51:44.669,e3:ca:2d:fd:e0:8c, 2015-01-01 03:03:21.785, 0.857, -0.158, -0.501, -0.793, -1.831, 0, -163.526, -57.255, -47.466, -27.313, -8.287, 6.280, 29.14, -0.07581, -0.8223, 0.2868, -0.48547,
 14:51:44.669,e3:ca:2d:fd:e0:8c, 2015-01-01 03:03:21.785, 0.866, -0.156, -0.479, -0.732, -2.258, 0, -163.553, -57.217, -47.444, -27.313, -8.287, 6.280, 29.14, -0.07581, -0.8223, 0.2868, -0.48547,
 14:51:44.670,f6:90:cc:01:6d:25, 2015-01-01 03:03:22.050, 0.827, -0.012, -0.511, -0.122, -0.549, 0, -178.391, -57.211, -12.42, -27.147, -13.273, 13.407, 31.54, 0.03915, 0.87341, -0.08807, 0.47726,
 14:51:44.670,f6:90:cc:01:6d:25, 2015-01-01 03:03:22.050, 0.826, -0.012, -0.506, 0.061, -1.16, 0, -178.391, -57.189, -12.437, -27.147, -13.273, 13.407, 31.54, 0.03915, 0.87341, -0.08807, 0.47726,
 14:51:44.690,ed:40:fe:65:30:6c, 2015-01-01 03:03:27.055, 1.03, -0.039, 0.193, 2.563, 1.343, -0.977, -8.174, -76.229, -112.978, -28.000, -9.307, 10.127, 28.5, -0.39694, 0.54358, 0.29202, 0.67938,
 14:51:44.690,ed:40:fe:65:30:6c, 2015-01-01 03:03:27.055, 1.086, -0.022, 0.134, 3.174, 7.141, -1.343, -8.009, -76.19, -113.099, -28.000, -9.307, 10.127, 28.5, -0.39694, 0.54358, 0.29202, 0.67938,
 14:51:44.694,ed:35:33:d3:6c:f8, 2015-01-01 03:03:22.200, 1.083, -0.027, 0.195, 6.836, 11.536, -5.371, -4.62, -71.054, 159.186, -24.260, -10.013, -13.933, 31.94, 0.16827, 0.56631, -0.13821, 0.79483,
 14:51:44.694,ed:35:33:d3:6c:f8, 2015-01-01 03:03:22.200, 1.196, 0.001, 0.163, 7.996, 26.917, -3.967, -4.147, -70.714, 158.758, -24.260, -10.013, -13.933, 31.94, 0.16827, 0.56631, -0.13821, 0.79483,
 14:51:44.736,ed:40:fe:65:30:6c, 2015-01-01 03:03:27.055, 1.171, -0.01, 0.092, 4.089, 15.137, -1.892, -7.729, -76.036, -113.324, -28.000, -9.307, 10.127, 28.5, -0.39694, 0.54358, 0.29202, 0.67938,
 14:51:44.736,ed:40:fe:65:30:6c, 2015-01-01 03:03:27.055, 1.225, -0.032, 0.072, 3.723, 14.099, -2.808, -7.328, -75.795, -113.676, -28.000, -9.307, 10.127, 28.5, -0.39694, 0.54358, 0.29202, 0.67938,
 14:51:44.738,f6:90:cc:01:6d:25, 2015-01-01 03:03:22.050, 0.83, -0.014, -0.521, -0.061, -1.526, 0.305, -178.385, -57.167, -12.469, -27.147, -13.273, 13.407, 31.54, 0.03961, 0.87344, -0.08841, 0.47708,
 14:51:44.738,f6:90:cc:01:6d:25, 2015-01-01 03:03:22.050, 0.828, -0.007, -0.54, -1.099, -1.892, 0.549, -178.396, -57.134, -12.519, -27.147, -13.273, 13.407, 31.54, 0.03961, 0.87344, -0.08841, 0.47708,
 14:51:44.739,ed:35:33:d3:6c:f8, 2015-01-01 03:03:22.200, 1.241, -0.036, 0.169, 5.92, 42.48, -0.732, -3.779, -70.087, 158.373, -24.260, -10.013, -13.933, 31.94, 0.16827, 0.56631, -0.13821, 0.79483,
 14:51:44.739,ed:35:33:d3:6c:f8, 2015-01-01 03:03:22.200, 1.284, -0.064, 0.175, 5.005, 54.565, -4.822, -3.417, -69.203, 157.928, -24.260, -10.013, -13.933, 31.94, 0.16827, 0.56631, -0.13821, 0.79483,
 14:51:44.758,ed:40:fe:65:30:6c, 2015-01-01 03:03:27.055, 1.231, -0.046, 0.021, 7.141, 2.502, -1.038, -7.02, -75.696, -113.928, -28.000, -9.307, 10.127, 28.5, -0.39795, 0.54031, 0.29297, 0.681,
 14:51:44.758,ed:40:fe:65:30:6c, 2015-01-01 03:03:27.055, 1.256, -0.06, 0.021, 11.108, -10.193, 2.93, -7.004, -75.85, -113.818, -28.000, -9.307, 10.127, 28.5, -0.39795, 0.54031, 0.29297, 0.681,
 14:51:44.759,e3:ca:2d:fd:e0:8c, 2015-01-01 03:03:21.785, 0.89, -0.148, -0.465, -2.075, -0.061, -1.343, -163.614, -57.222, -47.411, -26.880, -8.460, 7.007, 29.14, -0.07581, -0.8223, 0.2868, -0.48547,
 14:51:44.759,e3:ca:2d:fd:e0:8c, 2015-01-01 03:03:21.785, 0.919, -0.146, -0.447, -4.333, 8.911, -3.296, -163.707, -57.382, -47.384, -26.880, -8.460, 7.007, 29.14, -0.07581, -0.8223, 0.2868, -0.48547,
 14:51:44.760,f6:90:cc:01:6d:25, 2015-01-01 03:03:22.405, 0.833, 0.003, -0.561, 1.526, -0.61, 0.732, -178.352, -57.123, -12.568, -27.147, -13.273, 13.407, 31.54, 0.03961, 0.87344, -0.08841, 0.47708,
 14:51:44.760,f6:90:cc:01:6d:25, 2015-01-01 03:03:22.405, 0.834, -0.003, -0.624, 4.639, 3.113, 0.732, -178.242, -57.178, -12.618, -27.147, -13.273, 13.407, 31.54, 0.03961, 0.87344, -0.08841, 0.47708,
